"","county.FIPS","state","female","below_18","above_65","median_house_income","unemployment","driving_alone","smoking","flu_vaccination","some_college","social_association","traffic","black","hispanic","RUCC","poverty","temperature","population.density","avg_obs_ill_0316_0322","avg_exp_ill_0316_0322","avg_exp_ill_0330_0405","avg_social_distance_score","bl_hisp","IV"
"2",1003,"AL",0.5153837686,0.2160791113,0.2044334975,57588,0.0361538216,0.8428243273,0.174890326,0.44,0.6737161982,10.205617322,86.997429882,0.0878397593,0.0464677877,3,9.8,59.3,140.418171067695,4.84612922848571,2.51202755525714,2.02938547627143,0.914285714,0.134307547,0.914285714
"8",1015,"AL",0.5194658593,0.2160977275,0.1771747596,45400,0.0465283216,0.8480921374,0.2061256037,0.38,0.5924398864,14.469004951,109.89916308,0.2085021483,0.0391067319,3,19.5,53,187.507221021011,4.50663216081429,2.15299320358571,1.65724416717143,0.814285714,0.2476088802,0.814285714
"39",1077,"AL",0.5202030589,0.196651044,0.2009265373,48707,0.0419069315,0.8804792962,0.166560043,0.49,0.5932700033,14.804728868,108.45939758,0.0989316679,0.0286187451,3,14,49.3,138.878238729969,4.34481790908571,3.7395246159,2.91506843888571,1.3,0.127550413,1.3
"2141",40087,"OK",0.5037138927,0.2567212705,0.1549080905,65831,0.0276462109,0.8498724851,0.1528961197,0.5,0.6316749417,11.437866965,37.514858075,0.0084281606,0.0822058272,1,9.1,48.8,70.9199229016997,3.58955471002857,3.37844401097143,2.40718327684286,1.3,0.0906339878,1.3
"45",1089,"AL",0.511419599,0.2181769567,0.1504014799,63755,0.0346032311,0.8806760715,0.168201727,0.45,0.7319534338,10.801947674,199.0231982,0.2443693233,0.050687686,2,11.9,50,465.2116418618,4.54414588731429,2.6218482783,2.1555548164,1,0.2950570093,1
"405",13095,"GA",0.5411374023,0.2325877054,0.1537323411,38806,0.0512499674,0.7835314584,0.2160755319,0.4,0.5901660954,12.513686845,221.82741917,0.7025525246,0.0292844383,3,29.5,59.5,267.595606802762,4.59440951085714,2.09552444272857,1.89587287472857,1.1,0.7318369629,1.1
"59",1117,"AL",0.5166128128,0.2347860756,0.1533886244,75663,0.0285142305,0.8613184139,0.1556115747,0.44,0.7646754728,11.142061281,113.39836904,0.1289109765,0.0577867199,1,8,53.6,277.352120571261,4.1766287799,2.2341447736,1.84815119885714,0.914285714,0.1866976964,0.914285714
"64",1127,"AL",0.5127999874,0.2219867841,0.193231938,45434,0.0424956231,0.8518380834,0.2268098456,0.4,0.5290789474,14.674201505,27.610995776,0.0606331717,0.0256470625,1,17.9,52.5,80.2853928891922,4.16946621855714,2.70493676004286,2.32984906365714,0.585714286,0.0862802342,0.585714286
"70",4005,"AZ",0.5059291304,0.206182536,0.1249877497,60187,0.0549148321,0.6948349586,0.1599018603,0.39,0.7002411319,9.3765982838,106.37638816,0.0125092752,0.14272614,3,15.9,44.2,7.70593735716791,3.94385442258571,2.31974668967143,1.9309083765,1.2,0.1552354152,1.2
"86",5007,"AR",0.5026484916,0.2625344817,0.1341009802,68978,0.0288086664,0.851121675,0.1651315672,0.51,0.6188277371,8.5617724371,108.4527881,0.0178938256,0.1686487557,2,8.6,45.1,329.424329682779,4.66390287194286,4.44779626457143,2.62728745302857,1.014285714,0.1865425813,1.014285714
"2785",50025,"VT",0.5107353354,0.1785948171,0.2282018898,54441,0.0285297885,0.7157505384,0.1490622481,0.37,0.6065538428,14.229396534,92.602725831,0.0132612967,0.0244410141,7,12,28.7,53.7647553195553,4.23923131514286,3.51170657398571,3.0772943467,1.257142857,0.0377023108,1.257142857
"98",5031,"AR",0.5142688701,0.2495440226,0.1384513348,45615,0.0306356245,0.8306113903,0.2076292084,0.49,0.6256509547,8.402184568,125.16399641,0.160292194,0.0518064076,3,17.9,47.4,156.010237411801,5.38658912487143,6.09424735022857,4.06150221128571,1.1,0.2120986016,1.1
"108",5051,"AR",0.5193335619,0.2011114025,0.2383363253,43610,0.0404686619,0.7896752917,0.1941584472,0.54,0.6137213758,11.048267753,188.39782278,0.0853117373,0.0586058051,3,20.4,49.6,146.634601198029,4.89720270077143,4.70126626208571,2.97460334501429,1.242857143,0.1439175424,1.242857143
"113",5061,"AR",0.5190015741,0.260250356,0.1794468181,40199,0.0346166836,0.7896570695,0.2185560495,0.45,0.5438027255,13.355097195,41.980221844,0.2053069485,0.1257027209,6,17.3,50.4,22.4313992014272,4.77933697752857,4.11942488792857,2.56320142282857,0.714285714,0.3310096694,0.714285714
"114",5063,"AR",0.5124210415,0.2421041457,0.1752481554,45596,0.0408087782,0.8086143052,0.19872211,0.44,0.5855059655,13.865187713,70.285879284,0.0220287701,0.0654227931,7,14.5,46.9,49.5124026441521,5.2769618442,5.7777732985,3.71363695712857,0.814285714,0.0874515632,0.814285714
"131",5097,"AR",0.5053787539,0.183662035,0.2701703272,38318,0.0480895916,0.8151969981,0.1847042663,0.29,0.4538834951,5.6060096423,23.137403493,0.0045943523,0.045607351,8,18.8,49,11.5222854798174,4.74403357311429,4.3130055881,2.67115469405714,0.714285714,0.0502017033,0.714285714
"960",21001,"KY",0.5051782462,0.2032786885,0.1858443924,37392,0.0506486337,0.84052271,0.226199734,0.27,0.5061300023,4.6189376443,47.198973583,0.0289357273,0.0201405152,7,23.8,44.8,47.3795894196605,5.72344796471429,3.88089427358571,2.95131613991429,0.528571429,0.0490762425,0.528571429
"1003",21087,"KY",0.5071047154,0.209068694,0.2063535162,36782,0.0429472025,0.80655883,0.2110902975,0.44,0.4836913286,12.652507908,17.458480625,0.020092316,0.0185537153,8,18,43.6,38.251232388211,5.91691517682857,4.02887966422857,3.01680136355714,0.857142857,0.0386460313,0.857142857
"174",6033,"CA",0.5007921469,0.2095306141,0.2273150881,45086,0.052273664,0.7068241122,0.1440120094,0.27,0.494992324,6.3817202627,34.014772143,0.0175980864,0.2130564443,4,18.4,46.3,51.2439711570603,3.88477907577143,4.55475237457143,3.16440546925714,1.3,0.2306545307,1.3
"179",6043,"CA",0.4903554462,0.1618682388,0.2794344914,51402,0.0529818609,0.6260882396,0.1174526322,0.27,0.603029437,7.9685810234,9.0270128303,0.0115620171,0.1164787362,8,14.9,43.8,11.8738007481951,4.24155142385714,4.74272912411429,3.31905017758571,1.142857143,0.1280407533,1.142857143
"180",6045,"CA",0.5045658973,0.213604091,0.2210579184,51386,0.0393805867,0.7365597285,0.1290541382,0.28,0.5719334926,7.8393055966,96.424663799,0.0076821222,0.256203913,4,17.5,47.1,24.7406127186753,3.77162531502857,4.51837627167143,3.10010712408571,0.957142857,0.2638860352,0.957142857
"184",6053,"CA",0.4908400942,0.261330505,0.1359086672,69665,0.0626938681,0.7115301408,0.122499909,0.43,0.4689748277,5.0924054651,221.09669213,0.025544429,0.5913120934,2,13.3,51.7,132.311467414497,4.14903103332857,5.09506713464286,3.63939333544286,1.585714286,0.6168565224,1.585714286
"198",6081,"CA",0.5058014801,0.2058138251,0.1610315186,122930,0.0219994504,0.6830260702,0.0861335734,0.48,0.7796194233,5.7945839437,1478.6408744,0.0226029667,0.2431436758,1,6.8,52.3,1709.53591579135,4.20399624575714,4.76550287164286,3.4051496819,2.5,0.2657466425,2.5
"210",6105,"CA",0.4860789789,0.1707219785,0.272836059,40680,0.0569364776,0.6734204793,0.14700217,0.36,0.5955555556,5.5079077819,19.283143625,0.005105704,0.0753091344,8,21.6,42.3,3.86411889596603,3.72134249441429,4.50417765117143,3.02875958868571,0.857142857,0.0804148384,0.857142857
"219",8007,"CO",0.4988739557,0.1805303305,0.2604431529,53337,0.0340646651,0.7431274545,0.1347607107,0.32,0.6748729973,12.016522719,45.399367845,0.0060297857,0.1824191791,7,11.2,34.6,10.3904664563243,3.26015788444286,2.3318121004,1.71957810444286,1.142857143,0.1884489648,1.142857143
"869",20029,"KS",0.5039523428,0.2236224081,0.2159468439,44467,0.0351479915,0.821719457,0.1783903724,0.32,0.6492340201,31.142253364,27.447059408,0.0080192462,0.0320769848,7,16,37.3,12.2822713674616,3.98081559548571,3.59359922478571,2.33563000257143,0.857142857,0.040096231,0.857142857
"224",8015,"CO",0.471613322,0.1502471663,0.2538572927,56168,0.0268850433,0.6963591375,0.1348887293,0.47,0.6268558952,15.78572156,113.86267878,0.0161781595,0.1012632946,7,10.9,27.3,20.0868363923426,4.01824766042857,2.56857911427143,1.74285946098571,1.428571429,0.1174414541,1.428571429
"240",8047,"CO",0.4752491423,0.1555301421,0.169090018,72949,0.0254623425,0.7350236835,0.1274212884,0.46,0.7675574891,4.9891900881,5.8680085581,0.0099656919,0.0730272831,1,6.7,27.6,41.6477651767845,4.031796568,2.3068734893,1.52527607525714,2.528571429,0.082992975,2.528571429
"241",8049,"CO",0.4641545894,0.1680515298,0.1759742351,69214,0.0268226278,0.6645245746,0.1416864452,0.46,0.640788513,15.01207493,88.26417629,0.0087600644,0.0904991948,7,7.9,26.1,8.52177021442537,4.16948574391429,2.34461650645714,1.58716752314286,1.714285714,0.0992592592,1.714285714
"937",20165,"KS",0.4865826059,0.2088587132,0.2483026188,44121,0.0271084337,0.7757201646,0.1535660828,0.36,0.6694490818,22.558814051,44.860310293,0.0051729712,0.0420303912,9,13.8,38.4,4.22982612572448,3.69485918414286,3.44526077994286,2.00452836078571,1.142857143,0.0472033624,1.142857143
"259",8085,"CO",0.5069171365,0.2160420714,0.2330032691,52576,0.0366893031,0.7882144962,0.1543118127,0.46,0.5609615827,9.333716255,92.732081843,0.0045008765,0.2070640072,4,11.6,38.1,19.0824295978935,3.88026907052857,2.24918369575714,1.7218930791,0.957142857,0.2115648837,0.957142857
"1333",27105,"MN",0.4845831053,0.2738551359,0.1635194308,55766,0.0262318327,0.7247045258,0.1443651373,0.53,0.4775617053,15.94969012,55.586621737,0.0514048531,0.2843459223,7,10.8,25.9,30.2456964662779,3.68917214187143,4.20673557257143,3.63541565334286,0.771428571,0.3357507754,0.771428571
"263",8093,"CO",0.4735934469,0.1514334986,0.2044082776,72121,0.0289161065,0.7231372549,0.1285332438,0.43,0.6526225279,4.4680256911,18.367845797,0.0083530933,0.062297909,1,8.1,27,8.58992182692527,3.98890089811429,2.26726803645714,1.56944358217143,1.528571429,0.0706510023,1.528571429
"264",8095,"CO",0.5065328978,0.2463835744,0.2253849743,52367,0.0189379874,0.7268145161,0.1229095581,0.35,0.5495207668,23.29916123,54.468526076,0.0067662156,0.2055529631,9,10.8,33.8,6.19975869637899,4.06539170512857,3.37264310888571,2.23944060927143,1,0.2123191787,1
"273",8113,"CO",0.4678305457,0.1755585399,0.1466243438,69458,0.0351449275,0.4973979183,0.1437494483,0.35,0.7838582677,5.0207104305,25.25275791,0.0056159199,0.1069466488,9,8.6,35.7,6.35701572349041,3.9016634212,2.16943347994286,1.69321048832857,2.714285714,0.1125625687,2.714285714
"1643",31045,"NE",0.5011473153,0.1756539697,0.1854061496,47487,0.0267857143,0.7045254833,0.1495495499,0.4,0.7450765864,15.748031496,37.970682814,0.0174391923,0.0538090867,7,17.1,29.2,6.15055211033614,4.03685886231429,3.927168972,2.65560912834286,1.142857143,0.071248279,1.142857143
"734",18141,"IN",0.5131088632,0.2363805577,0.1580043653,54674,0.0356254754,0.8207287796,0.1904198845,0.51,0.647714073,11.315145285,263.5114514,0.1321448752,0.0891380539,2,13.5,33.4,593.700993775254,4.71493981962857,3.50112982641429,2.51330956585714,1.385714286,0.2212829291,1.385714286
"1930",37147,"NC",0.5304367642,0.2131407228,0.1322242849,43303,0.0423628017,0.8358793434,0.1737369018,0.51,0.7282464371,9.2715675652,111.55030832,0.3500950454,0.0634747713,3,23.2,50.1,277.220160127611,5.22025661677143,4.69895539235714,3.58372091358571,1.1,0.4135698167,1.1
"377",13037,"GA",0.3970403023,0.1749055416,0.1566435768,33393,0.0425531915,0.7721598002,0.2363789369,0.3,0.3575445173,10.844306739,17.548617711,0.6023299748,0.0499055416,8,37.2,59.5,22.0744016834897,4.35364270177143,1.91084418694286,1.5883999148,0.857142857,0.6522355164,0.857142857
"400",13085,"GA",0.505641271,0.2067535781,0.201132241,68835,0.0333056478,0.807359114,0.1459763835,0.47,0.5991801818,11.485294721,70.061218565,0.0075748515,0.0484790496,1,8.7,49.5,123.834368922829,3.65032059842857,1.64410974641429,1.44833676945714,0.914285714,0.0560539011,0.914285714
"2663",48347,"TX",0.5209477865,0.2319702942,0.1473878042,45357,0.039029133,0.7926633019,0.1703201134,0.48,0.5722257097,8.9966453187,47.045182313,0.1769871102,0.1972881253,5,21.6,56.2,68.8866820208338,4.89327180602857,3.32002734887143,2.57674926911429,1.357142857,0.3742752355,1.357142857
"451",13187,"GA",0.5043240783,0.1759368836,0.1755727507,55583,0.0358980495,0.856607189,0.1730128659,0.41,0.548098434,4.5630152405,44.623691043,0.0152935822,0.0503110302,6,14.9,48.9,118.792634220479,3.73052012092857,1.66549942191429,1.47150990085714,1.071428571,0.0656046124,1.071428571
"2126",40057,"OK",0.5221471471,0.2533783784,0.1970720721,38537,0.0291666667,0.8003355705,0.169866102,0.49,0.5923295455,14.875418371,16.007715543,0.0728228228,0.2976726727,9,23.9,49.2,4.93866229825574,2.50681888374286,2.33845809937143,1.6946677721,1.142857143,0.3704954955,1.142857143
"2053",39087,"OH",0.5132629539,0.2173019744,0.1889720376,43031,0.0563528915,0.8816962426,0.2122757531,0.46,0.5422720822,9.6267157961,52.893803332,0.0211138209,0.0102562389,2,18.8,41.7,131.157774003573,4.78472713108571,5.51777295774286,4.17740333927143,0.871428571,0.0313700598,0.871428571
"524",16013,"ID",0.4931197735,0.2207866909,0.1962302553,76113,0.0236143796,0.7528989058,0.1290267483,0.49,0.5465825875,12.259353433,41.30367308,0.0043360913,0.2252555197,7,7,30.1,8.70823387892979,4.39205055572857,4.14007706735714,2.76655705781429,1.3,0.229591611,1.3
"525",16015,"ID",0.4793031176,0.169111868,0.2513754257,56837,0.0423550616,0.7117437722,0.1294663315,0.33,0.6148148148,8.2304526749,22.814561728,0.0040607807,0.0491223474,2,12.8,33.2,4.12322823866389,4.3488637671,2.72683047648571,1.79652494465714,2.4,0.0531831281,2.4
"897",20085,"KS",0.4996987952,0.2490963855,0.1905120482,56330,0.0299293335,0.821666396,0.1600095775,0.29,0.6761061947,8.2594984232,33.364137627,0.0076054217,0.0462349398,3,10.5,37.9,20.0710127701076,4.07964624645714,3.69369262234286,2.20422783618571,1.2,0.0538403615,1.2
"548",16061,"ID",0.4915824916,0.2263662264,0.2636622637,44911,0.0549786194,0.7332878581,0.149408015,0.36,0.6280752533,7.7180344739,37.830227029,0.0051800052,0.0466200466,8,14.2,32.1,8.01587301587302,4.4413756482,2.91480883005714,1.98342116388571,1,0.0518000518,1
"560",16085,"ID",0.4819309845,0.1811430124,0.2510642152,60285,0.0376435159,0.8164263016,0.1184552497,0.42,0.5656146179,14.035744362,40.502886131,0.0033511457,0.0470971832,8,8.4,28.7,3.10872911049742,4.51834318414286,2.66681788361429,1.70053864641429,1.142857143,0.0504483289,1.142857143
"562",17001,"IL",0.5081822472,0.2249775464,0.2023108188,55174,0.0388228498,0.8230798028,0.1545718712,0.41,0.6806829766,14.645046351,98.741377982,0.0376307257,0.0166080589,5,12.3,37.6,76.5142656688494,4.60018160188571,5.12688186618571,3.41397100557143,1.014285714,0.0542387846,1.014285714
"575",17027,"IL",0.4819469168,0.211270225,0.172241558,66597,0.0357248013,0.8429661941,0.1502120629,0.4,0.6669713589,11.963630563,49.443899314,0.0355482345,0.0315098701,1,8.2,41.4,79.229682127866,4.77268430717143,5.04319907361429,3.10341378857143,0.685714286,0.0670581046,0.685714286
"567",17011,"IL",0.5090170642,0.2145303549,0.2191677022,56099,0.0500862565,0.8303385663,0.1471160473,0.42,0.5838414634,16.544836507,69.918944719,0.0078804595,0.0946261328,7,11.6,34.4,37.5453091377743,4.74105135611429,5.2599598764,4.10074861611429,1.342857143,0.1025065923,1.342857143
"569",17015,"IL",0.5013275573,0.1937534936,0.2551006149,51963,0.0445182724,0.8210104744,0.1434995941,0.46,0.5706594886,15.842402535,59.027074692,0.010410844,0.0386389044,7,11.4,33.3,32.1597985656797,4.7743272669,5.3720094905,4.36228159291429,0.714285714,0.0490497484,0.714285714
"572",17021,"IL",0.4911362175,0.2023820459,0.1993509078,52936,0.0529082699,0.8144903918,0.1565915609,0.42,0.5604863984,14.500634403,82.605487096,0.0161660696,0.0165334803,6,12.5,37.5,45.5383574388903,4.61311423822857,5.346510533,3.42209365954286,0.728571429,0.0326995499,0.728571429
"1708",31175,"NE",0.5038186158,0.2291169451,0.253221957,48604,0.0287907869,0.7696629213,0.141785654,0.39,0.6498237368,19.006889998,58.189788246,0.0035799523,0.0303102625,9,12.4,32.2,7.31977818853974,3.99252950244286,4.26269948735714,2.80681840287143,1.428571429,0.0338902148,1.428571429
"1579",30029,"MT",0.5015376178,0.2201143909,0.1953753942,54382,0.0478940431,0.8066782698,0.1583357938,0.43,0.6399421867,13.9,123.68840037,0.0027324545,0.0284606194,5,11.2,27.4,20.4034860820102,4.16242176324286,3.30010053428571,2.31739805738571,1.114285714,0.0311930739,1.114285714
"622",17121,"IL",0.5110845295,0.2322700691,0.1969165338,46096,0.049443132,0.8517199017,0.1738311296,0.46,0.6091023155,22.42625719,126.89271803,0.0417597023,0.0211057948,4,19.5,40.6,65.0027954434272,4.76990555752857,5.37493537358571,3.05519644798571,1.114285714,0.0628654971,1.114285714
"612",17101,"IL",0.4395179194,0.186869648,0.1743101808,43767,0.0588530346,0.8107367403,0.1781350613,0.45,0.4985884908,16.699653637,38.082894044,0.0971772915,0.0388836029,7,17.5,40.2,42.1247783330646,4.49421609598571,4.60086572612857,2.91891164591429,1.142857143,0.1360608944,1.142857143
"590",17057,"IL",0.4795947652,0.1977958903,0.2062621972,51258,0.0624671571,0.8539122265,0.1678484671,0.35,0.5962874388,16.804329251,90.542523378,0.0378257376,0.031052692,6,14.2,37,39.6719038817006,5.06010224185714,5.38852982802857,3.70240912568571,0.957142857,0.0688784296,0.957142857
"591",17059,"IL",0.5116646896,0.20838276,0.2328983788,43330,0.0575184881,0.8553398058,0.1702715663,0.31,0.5739130435,11.811023622,22.510850275,0.0065243179,0.0172004745,8,20.5,42.4,14.9441297551614,4.38070671331429,4.55768076655714,3.21328051855714,1,0.0237247924,1
"2357",46059,"SD",0.5012262416,0.2191906806,0.2532188841,52568,0.0229885057,0.7404844291,0.1265840125,0.57,0.7433489828,21.361000915,26.993994934,0.0012262416,0.0137952177,9,9.8,22.8,2.22120130028331,4.56818604404286,4.67776343297143,3.6539047991,1.142857143,0.0150214593,1.142857143
"603",17083,"IL",0.5112830137,0.2039181581,0.1949924475,59117,0.0485145816,0.8541846419,0.1459159421,0.4,0.6697664807,8.2038193337,42.443405203,0.0072321142,0.0148304115,1,8.9,40,58.9622769247434,5.58599386164286,5.74750772905714,3.27880490604286,1.242857143,0.0220625257,1.242857143
"621",17119,"IL",0.5130926677,0.2183913696,0.1719913333,60121,0.0451792681,0.8526313234,0.1647696423,0.51,0.7014351539,13.638350136,155.84471318,0.0866706244,0.0338121689,1,13.8,40.8,367.486514435842,5.20249758725714,5.6333463675,3.42843995728571,0.814285714,0.1204827933,0.814285714
"630",17137,"IL",0.492376972,0.1886037203,0.2001118437,48976,0.0440860874,0.8243111831,0.1613652531,0.42,0.6008936119,14.497899284,81.551340016,0.0687249823,0.0248116317,4,15.2,37.4,59.1747393589901,5.36046224314286,5.98699145727143,3.77835262542857,1.057142857,0.093536614,1.057142857
"631",17139,"IL",0.5104980635,0.2540599307,0.189033091,59901,0.03841042,0.7807517917,0.1569626036,0.43,0.6398467433,13.616557734,86.742087119,0.0054358905,0.0152884419,6,9.6,37.1,43.1654462106329,3.90001196704286,4.94629813991429,3.04477420334286,1,0.0207243324,1
"1884",37055,"NC",0.5069176187,0.1890085203,0.2142133092,64768,0.0511309254,0.7772554794,0.157578202,0.48,0.68824882,15.23587911,124.28451809,0.0241637215,0.0730390948,4,8.3,52.7,96.523394710761,4.64312210117143,4.51644919197143,3.44551796044286,1.342857143,0.0972028163,1.342857143
"651",17179,"IL",0.5084940451,0.2266716039,0.1876473611,61508,0.0487872022,0.8680791141,0.1530132726,0.52,0.6935479082,13.929871336,149.32462448,0.0125748141,0.0231999275,2,9.6,37.4,203.0956746845,4.77617122855714,5.55517980974286,4.2554136899,1.057142857,0.0357747416,1.057142857
"1220",26045,"MI",0.5085772039,0.206799847,0.1857847868,66716,0.0346927315,0.8423705249,0.1717663553,0.47,0.7226247076,11.648490741,161.94803285,0.0666873054,0.0548048732,2,9.3,31.7,191.710421085573,5.5016165256,3.95425591371429,3.08705610818571,0.871428571,0.1214921786,0.871428571
"1578",30027,"MT",0.4872671646,0.2084945559,0.2451183299,49147,0.0372036685,0.7120890774,0.1464997543,0.34,0.6486271389,15.056239483,106.86928476,0.0023396023,0.0237559615,7,12.2,26,2.54620028572745,4.3039849651,3.11195687501429,2.07459485337143,1.285714286,0.0260955638,1.285714286
"1741",34001,"NJ",0.5157311371,0.2122865248,0.1793737685,60826,0.0588472627,0.7720784942,0.156441948,0.48,0.5928379416,8.1876718114,288.49412843,0.1456397003,0.1922133603,2,12.8,41,474.482634515026,4.84341325981429,3.22945304328571,2.38481847201429,2.114285714,0.3378530606,2.114285714
"2276",42131,"PA",0.4982252459,0.1932263551,0.2117873253,57599,0.0449585334,0.8170913367,0.1798528743,0.48,0.5472382523,8.7841300051,82.688247548,0.0085410042,0.0190416328,2,11.8,32.7,67.4368267391523,5.14933779027143,4.03024065132857,3.16999357784286,0.914285714,0.027582637,0.914285714
"2217",42013,"PA",0.5103435326,0.2042337459,0.2077278516,49244,0.0420619595,0.8282002444,0.1854206207,0.43,0.5695755122,18.143969155,143.62177975,0.0188257192,0.0130620775,3,14.4,34.8,231.702168124762,4.01417709438571,4.8407376376,3.93234784937143,1.1,0.0318877967,1.1
"678",18029,"IN",0.5027235313,0.223168173,0.1771102324,66502,0.0363538956,0.8624508173,0.2008738212,0.53,0.5824234354,11.459359482,121.70561423,0.0064154293,0.013315042,1,9.4,39.9,162.14142871193,5.4067781042,4.49947142215714,3.06376690611429,1.971428571,0.0197304713,1.971428571
"705",18083,"IN",0.4936441252,0.2146903374,0.1783981569,48606,0.0325431263,0.8663135111,0.2039625825,0.48,0.5929411765,17.596246134,117.77949665,0.0286759724,0.0223607535,5,15.7,40,70.9144817161793,4.59931303314286,4.71886537431429,2.91969127864286,1.014285714,0.0510367259,1.014285714
"3037",55045,"WI",0.5031005443,0.2208291587,0.1871428958,63160,0.0255145193,0.8023556307,0.1451982613,0.58,0.6850725316,9.7690700388,83.061300678,0.0069322213,0.0309242059,2,7.7,31,63.2920063018015,4.9349644284,5.7769391563,4.79101355135714,1.057142857,0.0378564272,1.057142857
"697",18067,"IN",0.5145691183,0.2267926086,0.1949348032,55365,0.0406162837,0.8389603208,0.2119177525,0.47,0.6019280875,16.390855117,59.409732008,0.0747759998,0.0345530923,3,12.3,35.5,281.662458199686,4.61431319935714,4.0481393335,2.97441902701429,0.914285714,0.1093290921,0.914285714
"703",18079,"IN",0.4988591503,0.2303791967,0.1643910036,51560,0.0364316083,0.8300328771,0.2176623884,0.47,0.493261038,7.963512633,102.51412789,0.0080402738,0.0257868241,6,14.8,39.8,73.6496893090446,4.91350834374286,4.90666608107143,3.24042726495714,0.971428571,0.0338270979,0.971428571
"721",18115,"IN",0.5047912389,0.190109514,0.2209103354,58022,0.0349890659,0.8461277174,0.1673697631,0.43,0.5588009224,8.5792724777,75.129576363,0.0053045859,0.014715948,1,9.7,40.7,68.2029254701648,5.3177021609,4.64300935601429,3.07347593772857,1,0.0200205339,1
"2241",42061,"PA",0.468495395,0.1801939426,0.2073591923,49019,0.0528520949,0.7864603482,0.1864843775,0.41,0.4763609658,17.146248709,66.488528269,0.05532678,0.0201248672,6,13.7,36.6,51.614378487149,4.11106467578571,3.96498260504286,3.1709472359,0.814285714,0.0754516472,0.814285714
"736",18145,"IN",0.5033749692,0.2280627004,0.1714170385,57193,0.0309980599,0.8670507018,0.2058748183,0.52,0.5278168684,11.037278973,196.79424116,0.0122216491,0.0437512614,1,11.6,38.3,108.78997932628,5.05556282415714,4.83976977778571,3.31665749288571,1.714285714,0.0559729105,1.714285714
"1494",29089,"MO",0.5004439183,0.2169280852,0.1926605505,45767,0.0283531068,0.7818337986,0.1962865553,0.39,0.5398358281,10.849196173,58.823881265,0.0489296636,0.0157837625,6,13.1,40.5,21.5608494125256,4.24175569765714,4.36640166961429,2.99023659594286,0.857142857,0.0647134261,0.857142857
"752",18177,"IN",0.5156363747,0.2195310604,0.1915645474,45130,0.0359526166,0.8247753749,0.2125568275,0.47,0.5769407141,13.749338974,161.37740018,0.0485319097,0.0313334142,5,16,36.6,163.996614725942,5.9251702164,4.56114971427143,3.29144307971429,0.814285714,0.0798653239,0.814285714
"1034",21149,"KY",0.5081063554,0.2383268482,0.1945525292,48080,0.0492415403,0.8821784848,0.2058792239,0.47,0.5976619581,18.476252581,18.355261196,0.0083225249,0.016104626,3,13.9,43.6,36.4676991325702,4.67815577784286,4.2099076933,2.95605343421429,1.142857143,0.0244271509,1.142857143
"757",19003,"IA",0.4993141289,0.2106995885,0.2307270233,51577,0.0193487494,0.7729357798,0.1563671211,0.45,0.6980645161,10.851871948,145.40439887,0.0032921811,0.0145404664,9,12.7,32.7,8.5065180426979,4.38428244034286,4.47790559884286,3.04728341141429,1.142857143,0.0178326475,1.142857143
"3051",55073,"WI",0.497267921,0.2277667838,0.1770682577,63442,0.0266628866,0.8292985458,0.1515327876,0.53,0.6918370484,13.6297999,202.43453757,0.0079821012,0.0281699501,3,7.5,24.1,87.8276741446491,4.74324968662857,5.76844597527143,4.50392873722857,1.057142857,0.0361520513,1.057142857
"763",19015,"IA",0.4947240568,0.2128216807,0.1842404919,63099,0.0213957883,0.8294744579,0.1603667247,0.59,0.6828775637,13.97069929,189.71690873,0.0115387535,0.0272147575,6,8.8,31.2,45.8981402102979,4.33848939638571,5.06385530328571,4.19117661288571,1.828571429,0.038753511,1.828571429
"1305",27049,"MN",0.5040837877,0.2218175549,0.1966252182,67039,0.0274764195,0.8146126835,0.1476979072,0.49,0.7044653908,19.868693849,122.90565992,0.0126931448,0.0346529319,4,7.1,25.8,61.228264890862,3.6659119637,5.99500283015714,4.62735713471429,1.671428571,0.0473460767,1.671428571
"821",19131,"IA",0.5015611695,0.2361623616,0.2115621156,59558,0.0186671319,0.7766349699,0.1515231369,0.28,0.6239924135,18.812905653,292.7030088,0.0060554452,0.0140978333,7,9.2,27.1,22.5651738324132,3.49831292684286,6.3016422646,4.60642770464286,0.857142857,0.0201532785,0.857142857
"856",20003,"KS",0.5035542016,0.2534907337,0.2127443514,50646,0.0348415195,0.7347234289,0.1721921517,0.27,0.6138801262,11.489850632,41.389709485,0.0062198528,0.0194211729,6,13.1,41.3,13.55645648236,3.91968897877143,4.08411727452857,2.4402148223,1,0.0256410257,1
"1627",31013,"NE",0.5027849981,0.251021166,0.1895655403,57952,0.0275977033,0.8359210274,0.1551019114,0.38,0.6684470008,20.209443322,28.052636625,0.0088191608,0.1274600817,7,13.7,28.8,10.0279924485488,3.9214248168,3.73402178377143,2.48689816018571,1.285714286,0.1362792425,1.285714286
"858",20007,"KS",0.4854651163,0.228980322,0.2296511628,47634,0.0258764608,0.8125,0.1669891943,0.24,0.5722952477,28.34714348,27.167302135,0.0080500894,0.0424865832,9,12.8,43.1,3.90363910516988,2.79466444094286,3.39369730507143,2.07659370308571,1.142857143,0.0505366726,1.142857143
"1654",31067,"NE",0.5005350579,0.2251430698,0.2081142698,49931,0.0316049835,0.7940904894,0.1459456533,0.32,0.6937539169,16.665895097,38.361104649,0.0073047039,0.0272646908,6,11.2,34.4,25.2651234894127,3.90654431755714,3.47432822158571,2.34882992052857,0.928571429,0.0345693947,0.928571429
"2124",40053,"OK",0.5041608877,0.2378640777,0.2198335645,49073,0.0207877462,0.8341733871,0.1515083958,0.42,0.634723788,25.028441411,14.780611278,0.0166435506,0.0515487748,9,12.7,45.1,4.32923356679689,2.972375637,3.40351747434286,2.03574691037143,0.857142857,0.0681923254,0.857142857
"866",20023,"KS",0.4932330827,0.2131578947,0.2695488722,43274,0.0236100533,0.7645107794,0.1571879731,0.36,0.6226765799,22.363026463,14.246630818,0.0033834586,0.0627819549,9,12.4,35.9,2.60518291188265,3.92181493398571,3.21071281827143,2.0648046102,0.714285714,0.0661654135,0.714285714
"1610",30091,"MT",0.4932827103,0.2038551402,0.2260514019,51690,0.0237422272,0.7125279642,0.1451009065,0.5,0.6778350515,23.06140098,61.148627991,0.0046728972,0.0481892523,9,10.9,21.2,1.97307224461564,4.0524887719,4.44096239885714,3.30683990644286,1.142857143,0.0528621495,1.142857143
"868",20027,"KS",0.4996873828,0.2354632987,0.2298361886,52681,0.0321814825,0.8224601594,0.1443734045,0.38,0.7302118172,26.388539834,46.624033041,0.0080030011,0.0251344254,6,10.7,38.1,12.4004339067101,3.90259901165714,3.48855078395714,2.23346354221429,0.857142857,0.0331374265,0.857142857
"876",20043,"KS",0.4971361625,0.2116636293,0.1955219995,50949,0.0353982301,0.8262631721,0.1572738436,0.39,0.6616352201,14.235796558,39.769280931,0.0321530851,0.0279875033,3,13.3,37.7,19.3182684730942,4.23288371985714,4.02685199848571,2.47665447152857,0.714285714,0.0601405884,0.714285714
"1710",31179,"NE",0.4973944486,0.2001488887,0.1633521217,55970,0.0240070609,0.8064009425,0.1392901606,0.51,0.8019271949,11.805108392,41.148078607,0.0138253749,0.067850686,6,13.9,29.3,21.1889280231193,3.66361185221429,4.00529398478571,2.91555777898571,1.342857143,0.0816760609,1.342857143
"2376",46097,"SD",0.4807953005,0.236782648,0.209670131,50123,0.0275229358,0.7599637681,0.1356609582,0.26,0.5887445887,22.441651706,8.1246995343,0.0103931315,0.0325350203,8,11.5,25.4,3.88560607388964,4.5986202418,4.62900071824286,3.60619904192857,0.714285714,0.0429281518,0.714285714
"955",20201,"KS",0.4894833948,0.2234317343,0.2394833948,48104,0.027331739,0.7967874486,0.1439813019,0.37,0.6361085126,32.816773017,10.311364146,0.0055350554,0.0357933579,9,12.4,35.8,6.04184362287094,3.9537916662,3.28166664651429,2.13873226182857,0.714285714,0.0413284133,0.714285714
"2382",46107,"SD",0.5043044857,0.2170367014,0.2890801994,54722,0.0352941176,0.7892824705,0.1192919131,0.28,0.6954314721,17.92917974,11.393765908,0.0045310376,0.0203896692,9,10.2,22.3,2.50017418770467,4.43813572294286,4.66417847594286,3.49868852267143,1.571428571,0.0249207068,1.571428571
"899",20089,"KS",0.4889123548,0.1897219289,0.3013023583,44271,0.027972028,0.7901337793,0.1662257895,0.33,0.626953125,21.052631579,18.162339877,0.0035198874,0.025343189,9,15,35.7,3.16450130800853,3.99466547042857,3.37127089158571,2.22428289695714,1,0.0288630764,1
"1670",31099,"NE",0.5012224939,0.2461797066,0.1957518337,64456,0.0205717339,0.8018419489,0.1492266342,0.33,0.6825726141,18.376722818,30.042933103,0.0024449878,0.064792176,7,9.2,33.8,12.5813575081358,4.11113456694286,3.77737318194286,2.38262573384286,0.857142857,0.0672371638,0.857142857
"1657",31073,"NE",0.4874749499,0.2239478958,0.2389779559,59722,0.0253759398,0.8261269549,0.1228790391,0.44,0.6443850267,14.792899408,17.210813943,0.0065130261,0.0591182365,9,9.1,33.5,4.34346079972062,4.1683759521,3.21144026485714,1.91138615824286,1.428571429,0.0656312626,1.428571429
"1652",31063,"NE",0.4888803681,0.1894171779,0.2388803681,43650,0.0252324037,0.7335499594,0.1385209261,0.41,0.774122807,19.00418092,8.4476533919,0.004601227,0.0233895706,9,14.2,34.2,2.69549246349747,3.95239162855714,3.163775222,1.88417246211429,1.571428571,0.0279907976,1.571428571
"1636",31031,"NE",0.4929699705,0.2350286409,0.2180177053,49782,0.0213333333,0.6531209363,0.1434746814,0.1,0.7087172218,15.469233414,23.077590091,0.0036452005,0.0296823468,7,12.2,28.7,0.954462940531036,4.30978522248571,3.89392716828571,2.6794673518,0.857142857,0.0333275473,0.857142857
"1699",31157,"NE",0.5133235155,0.2501041985,0.1903081497,50247,0.0320812073,0.8371551624,0.1820336043,0.47,0.6405283198,15.400269505,50.896775683,0.0080580177,0.2432409903,5,14.3,31.1,48.1714903976197,3.67413766445714,3.165792318,2.08613761825714,0.728571429,0.251299008,0.728571429
"1688",31135,"NE",0.4906111301,0.2502560601,0.2345510413,57251,0.0193584071,0.7750511247,0.1206933963,0.5,0.7278106509,27.557698932,20.883162724,0.0058040287,0.0433595084,9,10.3,32.8,3.27280548826047,4.47229960085714,3.61873856591429,2.25012169167143,1.285714286,0.0491635371,1.285714286
"1664",31087,"NE",0.4964362081,0.22808268,0.2533856023,43880,0.0335463259,0.7854346124,0.1610582183,0.32,0.6385964912,10.585744531,14.285344341,0.0021382751,0.0416963649,9,15.3,35.7,3.89046961715074,4.1188792431,3.38787311504286,2.05136066268571,1.142857143,0.04383464,1.142857143
"916",20123,"KS",0.4938211382,0.2330081301,0.2357723577,51514,0.0227670753,0.8678313711,0.1614795095,0.54,0.7530966144,21.214099217,36.261450708,0.002601626,0.0263414634,7,11.4,37.1,8.51964262813662,4.2217411558,3.22404204807143,2.11692984131429,1.142857143,0.0289430894,1.142857143
"1682",31123,"NE",0.4867690994,0.2306871532,0.2119078105,49151,0.0265486726,0.7217428818,0.1459330521,0.42,0.6033519553,18.610421836,32.138479397,0.0027742211,0.1542893726,9,14.5,30.2,3.2601977750309,4.0876145728,3.72214524558571,2.50854598012857,1.285714286,0.1570635937,1.285714286
"1638",31035,"NE",0.486643064,0.2467009977,0.2030897972,56259,0.0308737265,0.7991251682,0.1478798001,0.43,0.617217525,14.50443191,6.3446196269,0.0045059543,0.09253299,8,11,34.2,10.8389103426584,3.86968252125714,3.47148013297143,2.19385901748571,1.285714286,0.0970389443,1.285714286
"1617",30105,"MT",0.498857066,0.2289901842,0.233696383,48390,0.0305158634,0.7244157937,0.1603464045,0.37,0.7018518519,13.453518095,75.093847442,0.0048406616,0.0272959527,7,13.7,21.6,1.50147589639898,4.19295558961429,3.72835837535714,2.60475598794286,1.428571429,0.0321366143,1.428571429
"1693",31145,"NE",0.5024240164,0.218907328,0.2079992541,49034,0.0235152763,0.8567596567,0.1562492246,0.52,0.7002079002,16.77852349,38.682919182,0.0131456274,0.0512772702,7,11,35.7,14.9569729005983,4.16193202377143,2.98033194327143,1.73976792101429,1.014285714,0.0644228976,1.014285714
"1330",27099,"MN",0.4970383145,0.2522556297,0.1834495514,53387,0.0267481663,0.7809442335,0.1514974134,0.52,0.6275575448,14.6590507,122.36224298,0.0349153983,0.1190922496,4,11.6,26.4,56.3198515456961,3.52938002364286,5.89369697484286,4.24132103634286,0.814285714,0.1540076479,0.814285714
"2698",48417,"TX",0.5167537658,0.2299415924,0.2044266831,57126,0.023255814,0.8451268358,0.1439825988,0.45,0.7400295421,24.038461538,28.500321118,0.010144482,0.1094374424,8,13.4,52.1,3.57107701057651,3.09393525277143,2.70399668765714,1.9833129069,0.714285714,0.1195819244,0.714285714
"1651",31061,"NE",0.5077737347,0.1938471717,0.2821700298,48778,0.029972752,0.8134328358,0.1471571437,0.21,0.7140255009,16.722408027,6.9425647649,0.0016539861,0.0218326166,9,13.4,34.6,5.1734917161613,4.16344063461429,3.05470216624286,1.89877336034286,1.285714286,0.0234866027,1.285714286
"1684",31127,"NE",0.5,0.2167289451,0.2007760851,52069,0.034368071,0.7910492894,0.1470043137,0.58,0.7566666667,17.268671751,32.522440249,0.0135096292,0.0281690141,7,12.7,35.8,17.114242230841,3.88929781257143,3.60623353254286,2.31590921818571,0.571428571,0.0416786433,0.571428571
"1056",21193,"KY",0.508048444,0.2293423272,0.1697455159,33108,0.0633110976,0.8033090362,0.2453343114,0.27,0.5630865485,6.0256844801,61.970026717,0.0166334509,0.0104629772,7,28.9,43.8,75.8324255895428,4.65349470812857,4.20909896535714,3.69894032187143,1.457142857,0.0270964281,1.457142857
"1036",21153,"KY",0.5004044653,0.2232648439,0.1717359651,30950,0.1323992995,0.840832396,0.2530576641,0.37,0.5148256761,2.3927261126,18.853513233,0.0023458987,0.01083967,9,28.4,43,39.4274413175982,5.00629392932857,5.4212091976,4.40801453825714,1.142857143,0.0131855687,1.142857143
"979",21039,"KY",0.5068119891,0.2276252358,0.2144204569,41249,0.0488965816,0.8445171849,0.2221904221,0.48,0.5230352304,10.317787866,16.900012446,0.0140431775,0.0266191574,9,17.2,45.2,25.1280156258248,4.7174194181,4.9995106719,3.29304495717143,1.571428571,0.0406623349,1.571428571
"1390",28045,"MS",0.5111970254,0.2052647146,0.1982296024,49843,0.0497372472,0.8562126105,0.1840440167,0.39,0.6136596259,6.3757890039,79.093622958,0.0794777538,0.0400346474,2,17.5,59.1,100.542480211082,3.80457116825714,3.12061369445714,2.53872930015714,0.814285714,0.1195124012,0.814285714
"985",21051,"KY",0.479383238,0.2109922905,0.1524496394,28146,0.0706761157,0.7618870728,0.2930991805,0.28,0.3664648503,6.8742021015,18.91563438,0.0379010196,0.0208405869,7,38.2,43.6,42.4102290889718,4.85453212547143,3.85068700791429,3.44305180611429,0.871428571,0.0587416065,0.871428571
"989",21059,"KY",0.5114040987,0.2446490742,0.1694097167,51441,0.0395060186,0.8668766877,0.1734145221,0.51,0.6387585709,13.449698129,178.80295042,0.0489891597,0.0324319513,3,15.3,42.5,221.47049198211,4.82483608488571,4.61272833107143,3.39950656334286,0.871428571,0.081421111,0.871428571
"1324",27087,"MN",0.4961043667,0.3167240442,0.172313825,43162,0.0455130957,0.7617702448,0.2517680367,0.18,0.5520361991,8.9349535382,18.291451159,0.0045298061,0.0396811016,8,20.9,18.4,9.90714849071485,4.02080851102857,5.08577353247143,4.37565577218571,1.142857143,0.0442109077,1.142857143
"995",21071,"KY",0.5111452085,0.2184126098,0.1837913238,33218,0.0660126524,0.8732996502,0.2481965808,0.33,0.4867677998,7.1682611453,47.382165575,0.0105454038,0.0083135723,7,34.2,44.4,90.476674717173,4.89177293832857,6.19286806508571,5.23155721335714,0.928571429,0.0188589761,0.928571429
"1045",21171,"KY",0.5014928158,0.2257883934,0.1880947938,35596,0.0414551607,0.7789003759,0.2315520744,0.4,0.4707078926,9.3817431279,0.0075307457,0.0210860235,0.0320022392,8,23,44.5,32.3344566900446,4.93888726725714,3.53723828004286,2.52987415607143,0.857142857,0.0530882627,0.857142857
"1026",21133,"KY",0.5114845427,0.2164025755,0.1953057217,32321,0.065231159,0.8553953692,0.2600692573,0.27,0.4968291357,5.8194189534,45.410207529,0.0059363441,0.0084935385,9,31.1,43.8,63.7832558965405,4.4531863356,4.33254382345714,3.83312026495714,1.285714286,0.0144298826,1.285714286
"2062",39105,"OH",0.5070111659,0.2134510517,0.1986497014,44286,0.072555205,0.8054797635,0.2224276837,0.5,0.517215846,15.164644714,5.5211069014,0.008742318,0.007660348,6,17.8,40.3,53.2597070448733,4.77917545871429,5.41564084567143,4.32319788367143,0.714285714,0.016402666,0.714285714
"1023",21127,"KY",0.5017661037,0.2371074433,0.1733350459,36667,0.0723697148,0.8357284988,0.2297247082,0.46,0.4163813537,5.7255550608,22.276990042,0.0038533171,0.0133581658,6,25.5,43.2,36.8551491819057,4.80424665194286,5.58591539232857,4.35358624038571,0.714285714,0.0172114829,0.714285714
"1567",30005,"MT",0.4975760247,0.2960188042,0.1541060673,39237,0.0427760803,0.7351874244,0.2604204289,0.18,0.6237244898,8.9445438283,13.738928765,0.0038195975,0.0381959747,9,20.8,24.2,1.58034795567172,4.26655705821429,3.38710479197143,2.33246043088571,1.285714286,0.0420155722,1.285714286
"1039",21159,"KY",0.4507639318,0.1960611145,0.1661220525,28925,0.0649210904,0.8360261258,0.2528783013,0.36,0.4638054363,4.3660495983,7.7363140068,0.065265389,0.0334716948,9,39.1,44.2,48.7565872566526,4.69722757995714,5.67686371295714,4.36819533532857,1.428571429,0.0987370838,1.428571429
"2800",51027,"VA",0.49413317,0.1725649121,0.2219028321,32144,0.0546605293,0.8861489191,0.2040106367,0.29,0.4107385152,7.9018313656,17.114785779,0.0306771594,0.0073040856,9,27.6,43.2,41.7773888137481,4.37536581404286,4.05044834391429,3.20843291265714,0.857142857,0.037981245,0.857142857
"1057",21195,"KY",0.5120201363,0.2058319921,0.1876990514,37124,0.0592986505,0.8156976164,0.2321184036,0.4,0.4978888586,6.6233038398,51.586151903,0.0076024794,0.0104619705,7,23.8,44.8,73.5559142381455,4.50657672341429,4.94158054852857,4.05899479458571,1.2,0.0180644499,1.2
"1234",26073,"MI",0.5134633372,0.1721323092,0.1262577591,47056,0.0391475429,0.776096308,0.1992928351,0.45,0.6682679653,8.0210517428,80.952037813,0.0260763584,0.0398656501,4,23.4,29.6,122.008800726409,5.57368670741429,3.91290691902857,3.1616170704,1.485714286,0.0659420085,1.485714286
"1087",22015,"LA",0.5052954358,0.2483704839,0.1434131383,56754,0.0427629295,0.8688238315,0.1888651436,0.48,0.6783637123,7.4431577793,196.26874007,0.2246098203,0.0676573495,2,14.4,55.2,151.226102897412,4.99392656455714,4.04948809215714,2.89513619904286,1.385714286,0.2922671698,1.385714286
"1089",22019,"LA",0.5110431683,0.2489562409,0.147982394,50531,0.0381787073,0.8555994136,0.2024588838,0.45,0.5752834552,10.867149102,183.36611274,0.2537220844,0.0377427232,3,14.9,60.3,191.260365154279,4.48730984937143,3.3448750328,2.72925160985714,1.057142857,0.2914648076,1.057142857
"1093",22027,"LA",0.4337681887,0.1808830908,0.1910436528,33659,0.0524312165,0.8658346334,0.2625988,0.32,0.3724489796,8.1407727472,35.274270656,0.5160561967,0.015240843,6,32.7,53.5,20.7582662144977,5.01311067981429,3.99896138485714,2.7738590827,0.714285714,0.5312970397,0.714285714
"1107",22055,"LA",0.5133576624,0.2362201481,0.1320814558,57821,0.0447514933,0.8414002682,0.1779862664,0.47,0.6248075685,7.4231395756,246.06728841,0.2636851167,0.0464490778,2,15.3,60.7,909.459660613278,4.5708735447,3.18326900677143,2.54935483495714,1.242857143,0.3101341945,1.242857143
"1111",22063,"LA",0.5069751446,0.2558986007,0.1319939527,63088,0.0405059191,0.8698914021,0.216043162,0.46,0.5577269221,6.9450473131,71.003486379,0.0654667651,0.038440319,2,11.3,59.8,217.209991206011,4.28924907125714,3.87010782518571,3.074717381,0.585714286,0.1039070841,0.585714286
"1119",22079,"LA",0.516183882,0.2470090838,0.163715323,48116,0.0530923826,0.8310743114,0.2243795674,0.44,0.5209622619,12.761302868,159.608428,0.3174277355,0.0319465082,3,19.4,58,98.3702085040517,4.5262294188,3.5099995623,2.67350731937143,1.1,0.3493742437,1.1
"1851",36113,"NY",0.5087216992,0.1827277678,0.222376099,56694,0.0464536882,0.8173366673,0.142160231,0.52,0.6601125547,12.55191223,174.556269,0.0120750019,0.0270909515,3,10.8,27.3,73.7574254570621,4.48911803975714,3.77371611128571,3.47965679581429,1.257142857,0.0391659534,1.257142857
"1146",23005,"ME",0.514697316,0.1866622155,0.1844990922,71586,0.0268183714,0.764728173,0.1139152239,0.53,0.7779574675,13.196581197,153.14807862,0.0302292229,0.0214064049,2,8.2,29.1,353.195488721805,3.98327752425714,3.84059638322857,3.43357673055714,1.685714286,0.0516356278,1.685714286
"1151",23015,"ME",0.5092889174,0.166880205,0.2771533399,56211,0.0334353661,0.7576062359,0.1452458874,0.36,0.5811978546,12.863992515,28.691027932,0.0056490595,0.0124337546,8,11.1,29.3,75.9817471809047,3.98327752425714,3.83496556132857,3.42756777364286,0.928571429,0.0180828141,0.928571429
"1152",23017,"ME",0.505276129,0.1843868236,0.2166510465,44243,0.0399130533,0.8078698178,0.1803092353,0.41,0.5237785016,9.2271801389,49.285333511,0.0059009337,0.0143878649,6,16.7,24.8,27.9150054891085,3.92498089118571,3.98499021961429,3.60582194768571,0.685714286,0.0202887986,0.685714286
"1154",23021,"ME",0.5013095238,0.1683333333,0.267202381,40066,0.0416499263,0.781300813,0.1890087176,0.32,0.5324469769,8.9429440172,28.245694167,0.005,0.0148214286,8,17.5,22.4,4.23771605156456,3.93804882841429,3.98076101382857,3.57649627134286,1,0.0198214286,1
"2777",50009,"VT",0.49904,0.17696,0.25568,43671,0.0363232024,0.7856345367,0.1591282173,0.41,0.4952463267,6.4205457464,15.441515373,0.00592,0.01312,9,15.5,21.7,9.28722121760096,4.01274638522857,3.78481252657143,3.42623528982857,1.714285714,0.01904,1.714285714
"2784",50023,"VT",0.5051083591,0.1879256966,0.1962676299,61808,0.025973273,0.7444088423,0.1490318884,0.51,0.6934628975,20.586721565,106.01738522,0.0088579291,0.019745442,4,10.8,24.6,84.9919241011015,4.11818128164286,3.95559172708571,3.50446244237143,1.828571429,0.0286033711,1.828571429
"1753",34025,"NJ",0.5135011604,0.2119934852,0.1757468367,99223,0.0367371698,0.7551474626,0.1336045242,0.5,0.7574149552,9.0843632404,328.04982546,0.0681382915,0.110527976,1,6.7,40,1319.98336141983,5.71388605724286,3.58027004427143,2.68944331027143,2.071428571,0.1786662675,2.071428571
"2277",42133,"PA",0.5056182282,0.2208921795,0.1744829602,65238,0.0385408792,0.8439826943,0.1623119493,0.58,0.5901631771,12.374517461,154.97380091,0.0571861343,0.0790790434,2,8.8,38.8,496.646685394501,4.18403593325714,3.14887998172857,2.49706243315714,0.957142857,0.1362651777,0.957142857
"1184",25001,"MA",0.5216223941,0.1507499543,0.3059748,69001,0.0427963003,0.8043215885,0.1185390632,0.52,0.6646798591,12.743389367,65.380734788,0.0310712093,0.0320224166,3,8,36.2,540.968200751803,4.18775769405714,4.08391049184286,3.841868963,1.442857143,0.0630936259,1.442857143
"1185",25003,"MA",0.5157264064,0.1690727198,0.2326748346,58375,0.0403727178,0.7748529202,0.1378295409,0.51,0.6402655201,11.479420171,91.271056819,0.0312391174,0.0506695793,3,11.3,30.2,134.807893572716,4.6245106554,3.37028222517143,2.97291157032857,1.071428571,0.0819086967,1.071428571
"1735",33009,"NH",0.5057469984,0.1617401377,0.2067805671,65163,0.020809808,0.7467239291,0.1323682887,0.4,0.7104264456,13.0892981,54.458837086,0.0109037044,0.0252934756,5,9,26,52.6033650329188,4.08626879238571,3.72618499488571,3.27969548892857,1.442857143,0.03619718,1.442857143
"2245",42069,"PA",0.514547447,0.2051443834,0.1995369865,52872,0.0458368936,0.8001012198,0.2030698911,0.5,0.6334343595,11.244964676,188.49234805,0.0291945178,0.0810273586,2,14.2,32.1,456.726496471203,5.37587823931429,3.8202276856,2.94401672665714,1.485714286,0.1102218764,1.485714286
"2235",42049,"PA",0.5060923837,0.2137608845,0.1797391026,48453,0.0470911341,0.7907256031,0.2029687559,0.51,0.603206862,13.185644403,191.08588541,0.0729909836,0.0435196518,2,15.3,32.1,337.518613526872,5.12555643214286,5.8283823792,4.67159109275714,1.4,0.1165106354,1.4
"1212",26029,"MI",0.505105929,0.1888050602,0.2438271605,54491,0.0473796466,0.7919200333,0.1542215283,0.42,0.6791748527,14.920234133,74.24990221,0.0048392013,0.021109587,7,10.6,24.6,62.7924292645434,5.43543353737143,3.9481784175,3.05615586445714,1.285714286,0.0259487883,1.285714286
"1265",26135,"MI",0.4874335428,0.1945384244,0.2721121315,38927,0.0641801075,0.8060739115,0.1733866018,0.25,0.5380747126,13.273802341,26.129312363,0.0045915901,0.0171580474,9,17.1,25,14.5670196029908,5.12254565578571,4.10652289495714,3.32690932331429,0.857142857,0.0217496375,0.857142857
"2220",42019,"PA",0.5044015584,0.1996615005,0.1880960998,67161,0.0390004363,0.8448958607,0.1653103444,0.48,0.7419956191,12.613036321,81.655491616,0.0124010049,0.0155518181,1,8.7,34.4,238.210753233578,4.97050565084286,5.85343426688571,4.823702172,1.2,0.027952823,1.2
"1224",26053,"MI",0.4617117117,0.1562665607,0.2587440382,39934,0.051071371,0.802435724,0.1942120717,0.38,0.5458296493,13.036110025,105.64053009,0.03881823,0.0154345522,7,17.5,20.2,12.683214593638,4.94735773877143,6.57645307308571,5.15408257048571,1.285714286,0.0542527822,1.285714286
"1225",26055,"MI",0.510699664,0.2023268124,0.1990537198,64591,0.0368411416,0.8035145165,0.1717848829,0.55,0.7337125589,11.545960548,112.69508112,0.0070862995,0.0294146241,5,9.5,27,200.478108241983,5.23410756585714,3.92745275148571,3.02576573595714,1.342857143,0.0365009236,1.342857143
"1227",26059,"MI",0.5024372117,0.2184965792,0.1961791515,50388,0.0402160285,0.8087794094,0.185874179,0.42,0.5642784033,10.898232307,23.186794493,0.00642637,0.0232791974,6,13.5,32.4,76.2459665958905,5.61408739818571,3.74014194435714,2.96824844504286,1.1,0.0297055674,1.1
"1286",27011,"MN",0.5039085989,0.2108639006,0.2653838445,51058,0.0381406436,0.7757677745,0.1460011495,0.43,0.613490364,27.855153203,52.208962087,0.0044097013,0.0226498296,9,11.3,23.6,10.0016031421586,4.12785216734286,4.63474375021429,3.98526810365714,1.285714286,0.0270595309,1.285714286
"1237",26079,"MI",0.4868716338,0.2099977558,0.2034896768,46068,0.0585977482,0.814454776,0.1862356365,0.36,0.528686462,7.9392083475,79.226363788,0.0059470377,0.0224977558,7,14.1,25.3,32.2181935092075,5.28897916445714,3.96303852017143,3.1787417018,1.385714286,0.0284447935,1.385714286
"1266",26137,"MI",0.5042367728,0.2111899453,0.2113521184,51292,0.0523135359,0.8144523899,0.1757540031,0.34,0.6697892272,11.003341756,101.83893514,0.00506791,0.0174336104,7,11.4,23.2,47.9018195234674,5.21025530104286,3.95427908324286,3.19694287697143,1.014285714,0.0225015204,1.014285714
"2255",42089,"PA",0.5046104291,0.1964874607,0.1721521825,63318,0.053558363,0.7794687724,0.1737500376,0.46,0.6113103448,7.6764695381,89.965285643,0.1351979564,0.1658810551,3,12.3,32.6,279.91747357346,5.59959171554286,3.99723474852857,3.08224481675714,1.142857143,0.3010790115,1.142857143
"1274",26153,"MI",0.5066931086,0.1698066435,0.267972236,44887,0.0714496605,0.7848962062,0.1877069698,0.12,0.4988978692,6.2119517953,44.200436656,0.0044620724,0.0107833416,7,13.2,23,6.90991667804945,5.60650795422857,4.7092423866,3.64788021502857,0.714285714,0.015245414,0.714285714
"3062",55093,"WI",0.5018446716,0.2058042533,0.146022794,75421,0.0318846306,0.8242445144,0.1502384777,0.55,0.7038282182,11.694231641,130.55878174,0.0075901774,0.0212900952,1,8.5,24.6,74.5167755991285,3.92717559138571,5.96243058858571,4.52813384064286,1.871428571,0.0288802726,1.871428571
"1291",27021,"MN",0.4892103391,0.2114909042,0.2594600088,48651,0.0510011861,0.771973466,0.1647927041,0.36,0.6408398365,20.439448135,30.082165031,0.0044378197,0.023544158,9,12.9,22.4,14.730848758867,3.94375146301429,5.85927117137143,4.90907465534286,1.542857143,0.0279819777,1.542857143
"1292",27023,"MN",0.4979872526,0.2354914458,0.2118416639,53540,0.0319442428,0.7775577558,0.154172239,0.49,0.623144271,30.050083472,61.719512469,0.0075478028,0.0768198591,7,8.8,24.4,20.3056167400881,3.96426043541429,4.7929381969,4.10969448222857,0.857142857,0.0843676619,0.857142857
"3025",55021,"WI",0.4888071411,0.2123853691,0.1787021863,65435,0.026913161,0.8179514537,0.1498196949,0.53,0.6452432825,13.275572946,91.279012441,0.0164754699,0.0343108198,2,7.6,29.7,75.1531618617167,4.75498144385714,6.17004223292857,5.11805767431429,1.342857143,0.0507862897,1.342857143
"1295",27029,"MN",0.4887627696,0.2480136209,0.2022701476,51475,0.0813407821,0.7613422819,0.1898725355,0.23,0.5557894737,20.274836675,55.182477937,0.0069239501,0.023723042,8,12.8,19.4,8.82735699841832,4.00190758142857,5.24676321538571,4.4476290562,1,0.0306469921,1
"1971",38029,"ND",0.4925644917,0.197875569,0.2789074355,47976,0.0479405807,0.6881569727,0.1532373928,0.34,0.7552986513,9.0881551045,12.225817908,0.0024279211,0.0109256449,8,13.3,19.8,2.14573236937581,4.3875677059,4.93775736524286,3.97253324157143,1.285714286,0.013353566,1.285714286
"1297",27033,"MN",0.5002216902,0.2443912388,0.2280748426,51788,0.0355303811,0.7764220011,0.1443639753,0.37,0.6240732665,19.477644976,61.981373114,0.0101977476,0.0824687417,7,10.4,25.2,17.531826936628,3.57539452592857,4.5242218678,3.80423266564286,1.142857143,0.0926664893,1.142857143
"1311",27061,"MN",0.494612929,0.2077236854,0.2348363927,53143,0.0538496792,0.8131228816,0.1592749731,0.43,0.7269722814,13.957507145,76.788633915,0.0046111554,0.0157843398,6,11.8,21.4,16.9170677582355,4.19181156338571,6.44189814224286,5.32470369522857,1.485714286,0.0203954952,1.485714286
"1308",27055,"MN",0.4979007428,0.2171923781,0.2148778125,59613,0.028585086,0.8142098407,0.1399796213,0.57,0.7345899134,14.469453376,54.866023563,0.0062439445,0.0124340618,3,8.5,27.5,33.6919900010868,4.0608254965,5.96180510412857,4.30005812815714,1.642857143,0.0186780063,1.642857143
"1303",27045,"MN",0.4983854117,0.24650964,0.2093741096,58761,0.0309519681,0.7367159026,0.1535490022,0.55,0.6659227851,32.411820782,68.902421816,0.0047962769,0.0179979105,3,9.9,26,24.4595379078138,3.87832904947143,5.34263643472857,3.80824610371429,1.585714286,0.0227941874,1.585714286
"1979",38045,"ND",0.4839980305,0.2144263909,0.270310192,54514,0.0192850423,0.6811594203,0.1592295808,0.47,0.7162346521,22.021042329,9.5839728525,0.0027080256,0.0147710487,9,11.4,20,3.53072586697384,4.18637541335714,4.5314117494,3.85185021454286,1.857142857,0.0174790743,1.857142857
"1995",38077,"ND",0.4846357534,0.2191637416,0.1788287456,61174,0.0263459336,0.7961783439,0.1558215384,0.59,0.6816999133,20.793835239,44.107344862,0.0100375639,0.0338075005,6,11.6,20.8,11.2670464834445,4.11843154112857,4.43076326015714,3.82675191822857,1.257142857,0.0438450644,1.257142857
"1343",27125,"MN",0.4893723431,0.2415603901,0.2093023256,54412,0.0515463918,0.8081841432,0.1455390925,0.35,0.6507760532,22.332506203,17.684389557,0.0050012503,0.0400100025,8,10.7,18,9.37767396683703,4.11648195288571,4.97290761048571,4.21358253185714,1.857142857,0.0450112528,1.857142857
"1316",27071,"MN",0.4995980707,0.182073955,0.2555466238,46281,0.0607790463,0.716505895,0.163817053,0.41,0.6459703947,17.560664112,71.454113792,0.006511254,0.0133440514,6,14.9,20.2,3.93966630907164,4.21583107931429,6.4323367722,5.38319753045714,1.714285714,0.0198553054,1.714285714
"1966",38019,"ND",0.4886393314,0.2243405589,0.2695220684,60314,0.0258751903,0.7897849462,0.1436280808,0.58,0.7530674847,15.948963317,28.359544919,0.0036563071,0.0180203709,9,10.6,18.3,2.52695214105793,4.24211736287143,4.91398987775714,4.16219515028571,2.285714286,0.021676678,2.285714286
"2004",38095,"ND",0.4949817518,0.2112226277,0.2509124088,51848,0.0259197324,0.6886597938,0.1657282226,0.2,0.6711711712,22.192632046,15.876382063,0.0041058394,0.0196167883,9,9.3,19.2,2.13652689935192,4.01791410434286,4.83118724572857,4.15115240127143,1.571428571,0.0237226277,1.571428571
"1344",27127,"MN",0.500885304,0.2477539511,0.211489278,56760,0.035986341,0.7696863642,0.1504129502,0.48,0.6503564485,25.53693033,83.832837897,0.0070824316,0.0375106564,7,9.4,25,17.2666947425931,3.95820036571429,4.5787907421,3.87036377947143,1,0.044593088,1
"1970",38027,"ND",0.5036748811,0.2356247298,0.2300043234,51327,0.0489566613,0.6638441998,0.1686255823,0.51,0.6437246964,12.953367876,13.604289332,0.0034587116,0.0384781669,9,10.6,18.9,3.62917942777346,4.08768497968571,4.6056435131,3.972472826,2.142857143,0.0419368785,2.142857143
"1326",27091,"MN",0.5044730857,0.217639626,0.2350265353,50821,0.0313500922,0.7916793506,0.1374482086,0.5,0.6709350085,19.143576826,71.278451202,0.0063179176,0.0454890068,7,13.7,26.5,27.6310802274163,3.70076646172857,4.8151196147,3.9963940505,0.714285714,0.0518069244,0.714285714
"1331",27101,"MN",0.4997583374,0.2193088449,0.2550749154,59938,0.0370974317,0.7704839483,0.1380123919,0.44,0.7009345794,38.341720585,24.206686845,0.0038666022,0.0428951184,9,8.2,24.2,11.6276429686391,3.44087404767143,4.363672381,3.81749020795714,1.142857143,0.0467617206,1.142857143
"3018",55007,"WI",0.4907592076,0.1711208616,0.2771572929,53637,0.0490015765,0.7766282967,0.160585522,0.5,0.7253603428,13.992537313,34.819916404,0.0063156495,0.02040952,8,14.2,23.4,10.1741707604239,4.36634618712857,6.32274457862857,4.68411942335714,1.285714286,0.0267251695,1.285714286
"1337",27113,"MN",0.5040203132,0.2274650868,0.1828184511,57494,0.041946118,0.8079895219,0.1443809715,0.49,0.667972028,14.046916702,138.45755194,0.0125546622,0.0380871773,6,9.2,17.8,22.8992652902347,4.0097630756,5.04217922025714,4.29380304941429,0.728571429,0.0506418395,0.728571429
"1340",27119,"MN",0.4979859812,0.2419677123,0.1797075708,60180,0.0366376743,0.7966199347,0.151962094,0.53,0.682943699,20.557259875,98.225917116,0.0263249707,0.0656855593,3,12,18.2,15.9116851755085,4.23312990251429,5.03855557024286,4.31424075815714,1.314285714,0.09201053,1.314285714
"2780",50015,"VT",0.4997233202,0.2029249012,0.1736363636,60230,0.0351787364,0.7689652585,0.1480566584,0.55,0.6726904502,8.682953783,64.542731556,0.0098418972,0.0182608696,8,11,24.4,55.2789886660854,4.09868565642857,3.84279912691429,3.44286936157143,1.571428571,0.0281027668,1.571428571
"1355",27149,"MN",0.5027171127,0.2101917359,0.1728698862,61929,0.0236393623,0.7569350145,0.1432378017,0.55,0.8132820019,22.835789911,50.457270542,0.009432995,0.0672613555,7,11.2,22.9,17.3970901348474,3.9635917257,4.88467508365714,4.2070981672,1.142857143,0.0766943505,1.142857143
"1906",37099,"NC",0.5094744617,0.1660627322,0.196805687,44502,0.0411619791,0.7909591939,0.175268077,0.48,0.6685759209,13.496846857,94.675445912,0.0210953909,0.0586931936,6,16.7,43,89.5305240850925,4.42954782217143,2.6782857831,2.41287023957143,1.485714286,0.0797885845,1.485714286
"1411",28087,"MS",0.5239266927,0.2357033769,0.1586967589,44348,0.0481266532,0.8830461278,0.1732528012,0.36,0.6391433278,13.854627784,52.127110766,0.4457661632,0.0213982691,5,23.1,53.8,115.912642677692,3.95945954935714,3.52301387714286,2.79353229514286,0.914285714,0.4671644323,0.914285714
"1428",28121,"MS",0.5187002118,0.2317773648,0.1529479799,66296,0.0340779262,0.8771893646,0.1559652716,0.48,0.6761440186,10.586533403,128.64663066,0.2105885564,0.0283816974,2,9.6,55.3,200.223084759313,4.66664274152857,3.75179200507143,2.69921079648571,0.914285714,0.2389702538,0.914285714
"1649",31057,"NE",0.5,0.1915254237,0.2525423729,48574,0.0223944875,0.8959913326,0.156888851,0.09,0.5854800937,0,4.8570409244,0.004519774,0.081920904,9,14,35.5,1.84085768963118,3.9234930798,3.46482143051429,2.25693940411429,1.285714286,0.086440678,1.285714286
"2155",40115,"OK",0.5088051323,0.2451643945,0.1834803528,38194,0.0346097714,0.8615274235,0.220497563,0.47,0.4838396449,14.690853347,51.873067269,0.0096551724,0.0579951885,6,20.6,45.5,66.1123146850176,3.767110108,4.06047330651429,2.50790264057143,1.057142857,0.0676503609,1.057142857
"1466",29033,"MO",0.5142399634,0.2304700904,0.2180029738,47049,0.0313901345,0.781473337,0.1985726415,0.48,0.4647089129,18.190086403,6.9244876424,0.0170422052,0.0156696786,6,12.3,38.5,12.494601364775,4.1389034786,4.67577124107143,2.99848366687143,0.714285714,0.0327118838,0.714285714
"1518",29137,"MO",0.4935364728,0.218721145,0.2334949215,46216,0.0356060606,0.8156380753,0.1806393259,0.37,0.4756725816,12.772875058,45.659309121,0.0264312096,0.0168513389,9,13.6,38.7,13.3467150467073,4.68457697517143,4.80023638345714,3.04268284344286,0.714285714,0.0432825485,0.714285714
"2774",50003,"VT",0.5126996155,0.1896101709,0.2290701917,52510,0.0314616561,0.7609077085,0.1471692596,0.51,0.6243378458,14.328257572,78.030774105,0.0113945721,0.0216103954,6,11.4,28.2,52.5497051764497,4.41477495127143,3.25472272625714,2.78060626258571,1.157142857,0.0330049675,1.157142857
"1476",29053,"MO",0.4775890473,0.2137135716,0.1792308129,52513,0.0309806034,0.8102584388,0.1934786561,0.44,0.5327102804,11.335298118,20.169431587,0.0698744532,0.020962336,6,14,40.6,31.3561272730492,4.44561173918571,4.83080513065714,3.17082329904286,1.2,0.0908367892,1.2
"1478",29057,"MO",0.4892323953,0.2058396089,0.2364909499,41381,0.0271252796,0.735243944,0.2131746644,0.42,0.3989290495,15.814443859,20.938752894,0.0046241247,0.021006738,8,16.8,42.7,15.4302973408706,3.66827040255714,4.3477333024,2.57078520022857,0.714285714,0.0256308627,0.714285714
"2389",46123,"SD",0.4959839357,0.2307411464,0.2243519533,45710,0.0256660169,0.8379562044,0.1733588891,0.2,0.5219885277,12.820512821,57.063288019,0.004381161,0.0224534502,7,19.9,28.3,3.37436819746349,4.17421141777143,4.23524095625714,3.02155475591429,1.142857143,0.0268346112,1.142857143
"2263",42105,"PA",0.501564192,0.2037660931,0.2406449284,44883,0.0532758381,0.7752860412,0.1857739385,0.24,0.5010494753,19.640518986,42.941531198,0.0058356395,0.0135964385,9,14.8,30.6,15.2831724188954,4.65265834584286,4.43803582992857,3.67801113518571,0.857142857,0.019432078,0.857142857
"1660",31079,"NE",0.4955118737,0.2746441151,0.1485220835,53792,0.0315859365,0.8218658892,0.1571880189,0.55,0.55564816,14.141972399,59.6542743,0.0306134043,0.2854708069,3,13,33.5,112.308480843508,3.79682569587143,3.86426685461429,2.52733779814286,0.628571429,0.3160842112,0.628571429
"1533",29167,"MO",0.5085866899,0.2280363964,0.1803670693,45336,0.0364994068,0.7984283757,0.207425614,0.27,0.57945708,8.8066930867,51.043340495,0.0090680414,0.0261172013,2,16.2,41.9,50.5869209466264,4.475401816,4.55365958068571,2.85954108922857,0.971428571,0.0351852427,0.971428571
"1535",29171,"MO",0.4956905613,0.2217784318,0.2453226824,40866,0.0344262295,0.7432501274,0.2160429318,0.42,0.5573394495,8.3142797755,26.186475318,0.0018919487,0.0220727349,9,14.4,34.7,9.07755354519446,4.53746777577143,4.71259323842857,3.04197278804286,0.714285714,0.0239646836,0.714285714
"1629",31017,"NE",0.5122771611,0.2129162462,0.2610158089,46191,0.033045977,0.7561307902,0.1562561432,0.11,0.6383701188,23.224950232,36.15783625,0.0047090481,0.019172553,9,12.5,30,2.41949350298445,4.42831790048571,3.8390075823,2.58609908088571,1.285714286,0.0238816011,1.285714286
"1555",29213,"MO",0.5161856335,0.2108071331,0.2167872234,40887,0.0519979126,0.7456767542,0.2077652829,0.39,0.5917325428,13.729563725,73.701655002,0.0142340471,0.0615197307,4,15.4,43.5,88.4321042312314,4.95159987694286,5.42664384071429,3.31398738484286,1.157142857,0.0757537778,1.157142857
"1562",29227,"MO",0.5176470588,0.2034313725,0.2475490196,43119,0.0284995809,0.7747252747,0.1901334686,0.31,0.5331695332,14.584346135,1.083698072,0.0093137255,0.0161764706,9,14.1,35.3,7.55035445032069,4.67242396935714,4.26663200081429,2.84924101708571,1.428571429,0.0254901961,1.428571429
"1569",30009,"MT",0.494213179,0.1744446519,0.2577935412,53661,0.0351740477,0.6412347117,0.1440672961,0.46,0.6536445927,8.4143605086,30.898384789,0.0054134777,0.0251073362,3,11.7,26.7,5.23479712415621,4.39756580468571,3.06380146154286,2.08031638778571,1.871428571,0.0305208139,1.871428571
"1577",30025,"MT",0.4934931507,0.270890411,0.1691780822,62029,0.0187793427,0.7715231788,0.1349986768,0.12,0.7569060773,26.586905949,54.309470569,0.0017123288,0.0167808219,9,9.2,23.7,1.75595550263147,4.69094035552857,4.08292578315714,3.13987680354286,2.571428571,0.0184931507,2.571428571
"1582",30035,"MT",0.5156761475,0.3119953444,0.120244417,37719,0.0778925258,0.6514951627,0.3059191378,0.18,0.4711884754,5.8651026393,26.419870663,0.00254601,0.0307703499,7,27,24.6,4.59054587208021,4.27734233892857,3.23654454122857,2.18529064184286,1,0.0333163599,1
"1585",30041,"MT",0.4974001346,0.2764421606,0.1520768337,50136,0.0359910679,0.7922299701,0.2291344156,0.31,0.6308470291,10.933608698,45.898490522,0.0045879978,0.0364592892,7,13.5,21.7,5.68617711179181,4.38940622034286,3.22431167694286,2.28225998084286,1.428571429,0.041047287,1.428571429
"1591",30053,"MT",0.4955542083,0.1823279782,0.2864504395,40602,0.07382134,0.7767857143,0.1613272834,0.19,0.5288518739,13.374485597,53.167001683,0.0038900677,0.0328887542,7,20.3,30,5.5301528957187,4.11526919765714,2.86660212661429,1.9333100645,0.857142857,0.0367788219,0.857142857
"1593",30057,"MT",0.4648722628,0.1561359489,0.2821624088,53031,0.0354278075,0.6439062097,0.1384794954,0.23,0.6506729081,13.455657492,20.288752191,0.0043339416,0.066149635,9,9.2,24.6,2.39722590787963,4.2216421927,2.95340962388571,2.05195779288571,0.857142857,0.0704835766,0.857142857
"3101",56029,"WY",0.5019438003,0.2059405265,0.2320624744,58873,0.0437463866,0.7354530341,0.1310571997,0.45,0.695853245,14.204545455,85.954552881,0.0068203519,0.0562338017,7,10.2,26.1,4.2053678436434,4.1757763364,3.09078836294286,2.13030700132857,0.728571429,0.0630541536,0.728571429
"1601",30073,"MT",0.501841929,0.2397856664,0.204119223,42890,0.040560472,0.6684296176,0.1898557132,0.39,0.6050552923,15.100671141,15.691218876,0.0033489618,0.020261219,7,17.8,25.4,3.64233513673391,4.420915825,3.21821612547143,2.27981213238571,0.714285714,0.0236101808,0.714285714
"1705",31169,"NE",0.5024806509,0.2296090494,0.25262949,51299,0.0223307746,0.8183601412,0.1346677152,0.19,0.7225738397,29.732408325,3.9717954808,0.0041674936,0.0240127009,9,10.8,34.9,8.71891392621251,3.96177173852857,3.18379873534286,2.11857700771429,1,0.0281801945,1
"1674",31107,"NE",0.5050481055,0.2421902839,0.246822663,47906,0.030420712,0.7883457741,0.1348708893,0.39,0.7458745875,16.525023607,5.5038923208,0.0034445896,0.0285069486,9,13.4,30.5,7.51748094013624,3.8826991707,4.09952687215714,3.2096663002,1.714285714,0.0319515382,1.714285714
"1659",31077,"NE",0.5076400679,0.2275042445,0.2563667233,45221,0.0263591433,0.6868085106,0.1326973918,0.3,0.8017621145,16.849199663,5.3870920493,0.0067911715,0.0250424448,8,12.8,32,4.13471157052351,3.91704361741429,4.39899471394286,3.16512099571429,2.142857143,0.0318336163,2.142857143
"1641",31041,"NE",0.5022140221,0.2397601476,0.2242619926,49995,0.0211673152,0.7673989293,0.1479918233,0.46,0.6981707317,11.92988896,40.620420246,0.0056273063,0.0345940959,7,12,31.8,4.18439771385973,4.45641556467143,4.08976457257143,2.50791524468571,1,0.0402214022,1
"1711",31181,"NE",0.5024058873,0.219360317,0.229266912,45058,0.0279635258,0.76147343,0.1513020966,0.23,0.7028985507,14.188422247,13.456831163,0.0050948203,0.0551938862,9,13.2,34.6,6.06529717694944,4.25203000332857,3.1124692054,1.91544977468571,0.714285714,0.0602887065,0.714285714
"1665",31089,"NE",0.5000982511,0.2514246414,0.2158577324,55965,0.0255021834,0.7393721973,0.1344544389,0.14,0.703539823,14.702999412,36.898369414,0.0032422873,0.0526626056,7,12.1,29.6,4.1730227159675,4.21265660781429,4.08512164067143,2.95830791768571,1.285714286,0.0559048929,1.285714286
"1653",31065,"NE",0.5020148462,0.2184517497,0.2504772004,49685,0.0255043776,0.7914712154,0.1553281938,0.32,0.676056338,16.736401674,29.505276545,0.0044538706,0.0447507953,9,12.6,34.8,6.50230139195973,4.13476119367143,3.1966173428,1.84951581598571,0.714285714,0.0492046659,0.714285714
"1662",31083,"NE",0.4819170832,0.2119964716,0.2619817701,49321,0.0231376975,0.7939887289,0.1503883813,0.28,0.6941362916,11.617775196,13.080131488,0.0023522493,0.0226403999,9,11.1,34.7,6.10692539794388,4.17229350647143,3.24419487662857,1.99716100631429,1.142857143,0.0249926492,1.142857143
"1667",31093,"NE",0.492733457,0.2428880643,0.2108843537,52292,0.0301568154,0.7636748262,0.148096562,0.27,0.7162454874,9.3211123194,9.370162663,0.0047928262,0.0270562771,3,10.2,33,11.3201250570836,3.92919739988571,4.12415844775714,2.84691866737143,1.428571429,0.0318491033,1.428571429
"1669",31097,"NE",0.4119594858,0.1881573822,0.1875730425,52401,0.0356798457,0.7888465205,0.158611278,0.13,0.4273504274,13.50048216,11.100506886,0.0619400078,0.1030385664,8,13.8,34.6,13.4849089216859,3.90420768242857,3.42110003287143,2.27728910738571,1.285714286,0.1649785742,1.285714286
"2368",46081,"SD",0.5001359699,0.1787032361,0.2182121907,51774,0.0293667788,0.7416988125,0.151708368,0.5,0.6826699982,17.696330961,27.46794761,0.0076143118,0.0334097354,6,12.7,26.8,32.3033848307585,4.29161868192857,3.74726000701429,2.66443190988571,1.157142857,0.0410240472,1.157142857
"2936",53031,"WA",0.5106054398,0.1183144757,0.3685272149,55893,0.058242843,0.744266055,0.1173230233,0.39,0.6522159861,9.6049177179,47.320306131,0.0096441741,0.0369063002,6,12.7,38.8,17.8638354493541,3.81777322892857,3.43092732084286,2.2866010942,0.857142857,0.0465504743,0.857142857
"1695",31149,"NE",0.4963235294,0.1992647059,0.2669117647,48260,0.0242825607,0.7123655914,0.1318272905,0.09,0.7553648069,20.891364903,17.338118976,0.0014705882,0.0154411765,9,14.6,29.6,1.34580291970803,4.38036110684286,4.11689020632857,2.7882549684,1.428571429,0.0169117647,1.428571429
"1717",32007,"NV",0.4807091117,0.2725505147,0.1132863134,79134,0.0327095919,0.6236346735,0.1718416404,0.36,0.5712109673,5.1283025319,129.595164,0.0109035456,0.2441669844,5,8.3,34,3.07388017237212,4.62306890714286,4.04450115078571,2.76699855285714,1,0.25507053,1
"1728",32031,"NV",0.4963659592,0.2163805598,0.1635286161,63636,0.0362552749,0.7775626449,0.1516561963,0.45,0.6313625524,6.2528903334,1106.1089227,0.0227296639,0.2483579718,2,10.4,37.5,74.8161405947287,4.09855019412857,4.34854607815714,2.90021404022857,1.4,0.2710876357,1.4
"1732",33003,"NH",0.5038643679,0.1570142889,0.2790545112,59413,0.0253314695,0.8137635911,0.1479899726,0.51,0.6496424923,12.483355526,67.471340892,0.0054531663,0.0161544927,6,9,27.1,52.5315232101046,3.93888215485714,3.80209124547143,3.42727085132857,0.971428571,0.021607659,0.971428571
"1759",34037,"NJ",0.502943913,0.197970156,0.1730267971,92284,0.0395672547,0.8376183115,0.1375730572,0.51,0.7101651471,8.6108327099,70.170707797,0.0212004347,0.0864210683,1,5.2,34.3,270.684572551589,5.87389827242857,3.6574807541,2.93150080702857,1.014285714,0.107621503,1.014285714
"1791",35055,"NM",0.5077204203,0.1759707629,0.2645957058,38405,0.0650650651,0.6642177075,0.1633172204,0.41,0.5915403033,10.672358591,73.178594966,0.0048423938,0.5691792295,7,21.4,35.4,14.8530940352502,3.54176099021429,2.55571574385714,1.77513839165714,2.014285714,0.5740216233,2.014285714
"2599",48219,"TX",0.5013925152,0.2573977372,0.1467362924,46764,0.0310499914,0.7833956325,0.1467207342,0.31,0.5547635605,12.127512128,54.572941601,0.0346823325,0.486640557,6,19.5,48.7,25.3426391748038,2.92440233465714,2.39501659111429,1.79775763522857,0.828571429,0.5213228895,0.828571429
"1802",36015,"NY",0.5032876777,0.2139839058,0.1896052413,52565,0.0466174766,0.8290271481,0.1680214825,0.52,0.5981715281,11.220589782,438.22223301,0.0602582667,0.0318441854,3,13.5,31.7,204.875414262919,4.62637050998571,4.17261602321429,3.27023024691429,1.1,0.0921024521,1.1
"3042",55055,"WI",0.5002173172,0.2109504399,0.1695779347,65831,0.0286707399,0.8181838346,0.1502106968,0.57,0.6656833825,12.141644662,161.85503223,0.0095619589,0.0720318575,4,8.1,30.7,152.333459126278,5.0012243325,5.40689822581429,4.31671963381429,1.014285714,0.0815938164,1.014285714
"1827",36065,"NY",0.5019797279,0.2119245395,0.1875579871,54096,0.0442155138,0.8197045318,0.1683525727,0.5,0.6089244682,11.196029948,531.96134428,0.0612082221,0.0606158282,2,14.8,28.2,188.605527741808,5.2478385143,3.47985907095714,2.8368538739,1.585714286,0.1218240503,1.585714286
"2270",42119,"PA",0.4564698002,0.181467009,0.1806408396,55679,0.0371690428,0.7299844755,0.1697286555,0.56,0.5062420843,14.799865456,155.01452024,0.0607792788,0.0600870827,4,12.6,35.3,142.170390531046,4.87971542784286,4.0098137129,3.48645896307143,1.871428571,0.1208663615,1.871428571
"2246",42071,"PA",0.510049544,0.2354251716,0.1794843963,66270,0.0339050502,0.7785327726,0.1489888061,0.58,0.5663861689,14.275109918,114.04813132,0.0358067323,0.1081045778,2,7.9,38.7,578.213835411788,4.12315676547143,3.15629020664286,2.20813256838571,1.342857143,0.1439113101,1.342857143
"2216",42011,"PA",0.5079399836,0.2233334603,0.1722043451,62519,0.0416039298,0.798408528,0.1658359467,0.53,0.583539028,11.559061299,181.45185391,0.0422370951,0.2193706087,2,11.4,37.7,491.721054044903,5.03722268962857,3.58675155921429,2.66880362448571,1.057142857,0.2616077038,1.057142857
"2377",46099,"SD",0.4952404654,0.2543136523,0.1308042473,60033,0.0260666498,0.8412279931,0.1544566923,0.59,0.7108418035,14.473851635,86.650261598,0.0647773699,0.0503898878,3,9.6,28.1,239.27894443412,4.063679492,4.20632865027143,3.29777176481429,1.057142857,0.1151672577,1.057142857
"2308",45051,"SC",0.5182000715,0.1793274386,0.2395226458,49082,0.0418935788,0.8348518057,0.1739527235,0.48,0.5794406248,8.9417525835,58.341302208,0.1272450435,0.06077926,2,14.3,54.5,312.268277625893,5.510962018,3.78769670002857,2.85715272664286,0.814285714,0.1880243035,0.814285714
"1943",37173,"NC",0.5181467181,0.220989821,0.1915759916,43121,0.0432581019,0.8445885107,0.218581178,0.42,0.5165962583,9.7943192948,22.53789378,0.0106704107,0.0554580555,8,15.2,42.3,27.0284090909091,3.77370104171429,2.34395454777143,2.06006204495714,0.914285714,0.0661284662,0.914285714
"1961",38009,"ND",0.4832319451,0.2091717361,0.2384963344,59161,0.0334224599,0.7648159701,0.15728721,0.37,0.7393617021,24.50229709,23.105055533,0.0070191858,0.0223054126,9,11.6,19.9,3.76523896860503,4.3248246117,4.84470378242857,3.94496080047143,1.571428571,0.0293245984,1.571428571
"1988",38063,"ND",0.4869292436,0.1930986406,0.2690833043,50093,0.0336842105,0.7786206897,0.1511054442,0.52,0.7671755725,23.833844059,10.908730252,0.0080167306,0.0268386197,8,10.8,18.1,2.93242885371468,4.22132988407143,4.83578383281429,4.1241240253,1.857142857,0.0348553503,1.857142857
"1981",38049,"ND",0.4821182944,0.2393397524,0.2040921596,54795,0.0389857369,0.7638696255,0.1614035364,0.49,0.7204545455,13.559322034,23.255965817,0.003954608,0.0209766162,9,11.9,20.4,3.06571680140879,4.2438415973,4.88369926208571,4.0427953352,1.142857143,0.0249312242,1.142857143
"1994",38075,"ND",0.4772535805,0.2266217355,0.2030328559,60205,0.0244498778,0.7615062762,0.1588819394,0.51,0.606271777,0,13.602949928,0.0037910699,0.0227464195,9,8.2,22.2,2.6532124736332,3.97822771224286,4.65387618127143,3.71139615424286,2,0.0265374894,2
"1997",38081,"ND",0.4625322997,0.2074935401,0.2253229974,64756,0.0189125296,0.7498802108,0.1534108125,0.45,0.6431818182,15.552099533,21.15938461,0.0180878553,0.0317829457,9,7.8,19.7,4.54042468928725,4.20339897808571,4.42644531241429,3.78983164847143,1.714285714,0.049870801,1.714285714
"2007",38101,"ND",0.4761602504,0.2356518658,0.1275389702,63938,0.0287383251,0.8415890016,0.1757055618,0.53,0.6888361045,11.748324776,184.83975775,0.0440481814,0.0628690364,5,10.8,22.4,33.597413176508,3.9907196751,4.6550231154,3.72129493074286,1.314285714,0.1069172178,1.314285714
"2253",42085,"PA",0.5055067174,0.1939141512,0.2167541538,48788,0.0471180147,0.8155849525,0.1925281762,0.44,0.5706433745,16.10738255,73.32006697,0.0572445633,0.0155669796,2,15.3,33.5,162.692913854114,5.17193018037143,5.69975563501429,4.51514162441429,1.257142857,0.0728115429,1.257142857
"2018",39017,"OH",0.5094409197,0.2346630821,0.1469122178,61053,0.0413119135,0.8481756218,0.1824021455,0.52,0.6442821952,8.4076888314,97.200893068,0.0851905706,0.0486455811,1,12.4,39.3,820.310024407999,6.1018494676,4.6568212807,3.43337945208571,1.1,0.1338361517,1.1
"2775",50005,"VT",0.4995049832,0.1928585572,0.2096891294,50368,0.0325660122,0.7735120719,0.1545826524,0.36,0.5648821,12.929319719,52.297211176,0.0077222626,0.0165995644,7,12.5,23,46.2241469654471,3.92966408212857,3.7217984858,3.28500538355714,1.285714286,0.024321827,1.285714286
"2076",39133,"OH",0.5094858434,0.1873906719,0.1644540193,63689,0.0458028501,0.8344715407,0.1889022924,0.49,0.6712351898,8.9969619848,74.630286466,0.0449096835,0.0192601595,2,11.3,35,333.345644055973,5.0232997033,5.54897466858571,4.4411561797,1.685714286,0.064169843,1.685714286
"2065",39111,"OH",0.49724438,0.20275562,0.2351704133,46314,0.0779647901,0.8495145631,0.1940734798,0.4,0.5380968507,16.492184139,24.999692588,0.0060913706,0.0063814358,8,14.1,38.4,29.9613797946107,5.00859536435714,5.77420506792857,4.50143473877143,0.857142857,0.0124728064,0.857142857
"2979",54039,"WV",0.5183481663,0.1995633236,0.2065457125,41926,0.0518215966,0.8185654008,0.2075555513,0.47,0.5962029777,17.949403414,124.15209013,0.0755649639,0.0111108648,3,17.1,42.6,197.566521367806,4.31230498961429,6.06170566511429,4.68570377461429,0.957142857,0.0866758287,0.957142857
"2092",39165,"OH",0.497361881,0.2466695094,0.1449177984,87391,0.0385570223,0.8605728536,0.1522808546,0.53,0.7449270266,9.0002708819,69.197919407,0.0358224255,0.0282203357,1,5.2,39.3,584.590466223119,5.6189716798,4.57008229648571,3.49224010402857,1.057142857,0.0640427612,1.057142857
"2781",50017,"VT",0.4991551433,0.1833166661,0.2120417945,62300,0.0266583229,0.7551522404,0.142188035,0.43,0.6042228925,11.044384621,18.553881203,0.0067243698,0.014483258,9,10.2,26.1,42.05347655852,4.01089961335714,3.79480434894286,3.30868520517143,1.114285714,0.0212076278,1.114285714
"2067",39115,"OH",0.501232539,0.2095316352,0.2135716242,40557,0.0603654883,0.8439439617,0.2165155901,0.4,0.5010927256,11.557549799,31.610224745,0.0314982197,0.0097918379,6,17,39.5,34.8398251765045,4.75103051405714,5.38013539214286,4.37965673395714,1,0.0412900576,1
"2079",39139,"OH",0.4920519575,0.2160463753,0.1945928538,49668,0.0489733235,0.8393828858,0.2120758442,0.43,0.5396564139,15.092587218,51.883833263,0.0936423918,0.0197937225,3,14.4,33.8,244.622125305389,5.43464520604286,5.26858181858571,4.27741321698571,0.671428571,0.1134361143,0.671428571
"2561",48143,"TX",0.5103425529,0.2051312256,0.1417094661,47087,0.0307448037,0.8049777502,0.1563634763,0.47,0.6634521617,11.437013033,53.218834561,0.0176695095,0.2168402205,4,18.1,52.8,39.4231213125652,3.01289029652857,2.85609516442857,2.22089306802857,0.957142857,0.23450973,0.957142857
"2165",40135,"OK",0.5078316618,0.2287816606,0.1894655043,38998,0.04309399,0.8581625303,0.233154543,0.44,0.4735922729,6.5451372055,22.216984202,0.0176303456,0.0425945263,2,18.8,48.3,61.7419460246261,3.80807682297143,3.96514371225714,2.3750961909,0.871428571,0.0602248719,0.871428571
"2119",40043,"OK",0.5069472824,0.2705353494,0.1843073151,50728,0.0190784737,0.7960246096,0.1820165682,0.48,0.5204280156,20.500205002,28.490229707,0.0069472824,0.0741724561,9,12.1,45.6,4.89354464321447,2.7123979195,3.10135252581429,2.05216459028571,0.571428571,0.0811197385,0.571428571
"2157",40119,"OK",0.4892125792,0.1927474403,0.1256460263,47748,0.0293281654,0.7839240612,0.1954965327,0.56,0.7010752688,12.626417407,66.858879921,0.0372623111,0.0485738664,4,22.8,47.1,119.445012414196,3.3725070723,3.63498967802857,2.28479705998571,1.342857143,0.0858361775,1.342857143
"2140",40085,"OK",0.5014801658,0.2428458654,0.1909413854,48725,0.0212370175,0.7670454545,0.17281336,0.42,0.4558223833,10.962726729,18.736638799,0.0225971976,0.1550226959,9,14.6,50.8,19.9474708171206,3.39153966518571,3.07374307724286,2.38396121531429,1.871428571,0.1776198935,1.871428571
"2178",41007,"OR",0.5057086812,0.1909767629,0.224273212,53806,0.0410980149,0.7250587359,0.1512529777,0.42,0.6559708898,13.271400133,197.93632115,0.0072678805,0.0865355598,4,11,43.3,48.5181834629998,3.90213781262857,3.32104250755714,2.33996635632857,0.771428571,0.0938034403,0.771428571
"2186",41023,"OR",0.5001393534,0.1771181717,0.3037904125,46141,0.0726040658,0.7552048355,0.1467959224,0.19,0.5920863309,9.735744089,64.388336691,0.0029264214,0.0390189521,9,16.4,33.7,1.58969557517434,4.05764905497143,3.14164916455714,2.09559503257143,1.285714286,0.0419453735,1.285714286
"2211",42001,"PA",0.5079417572,0.199920242,0.2038108763,62877,0.0327461403,0.8256274769,0.1621508389,0.56,0.57325999,11.823796123,113.49198873,0.0159613271,0.0710721615,3,8,38.5,198.602194073303,3.79762697467143,3.12414928735714,2.56727325007143,1,0.0870334886,1
"2273",42125,"PA",0.5087679531,0.1945154476,0.2055356747,63119,0.0432920444,0.8248060111,0.1619930968,0.45,0.6952004808,14.375440188,61.35001249,0.0318935499,0.0175021462,1,9,37.4,241.385547089231,4.92216880145714,6.69014814441429,5.31556585518571,1.485714286,0.0493956961,1.485714286
"2252",42083,"PA",0.4860867018,0.1970074204,0.1942979887,46529,0.048128043,0.8068560018,0.2048597306,0.42,0.5052173032,19.35639971,55.54070213,0.0238966999,0.0217975005,7,16.8,30.8,41.4879493464052,4.72448344484286,4.48603731674286,3.85913691701429,0.671428571,0.0456942004,0.671428571
"2229",42037,"PA",0.5182412613,0.1769432901,0.1952456612,50774,0.0476190476,0.8405422637,0.1796604016,0.48,0.6137307776,14.712127647,142.91392319,0.0177676607,0.0285993645,3,12.3,34.2,134.470410465525,4.91685386935714,3.86043123865714,3.09666279218571,1.157142857,0.0463670252,1.157142857
"2236",42051,"PA",0.5046342791,0.1917418603,0.2116129131,50381,0.0582855942,0.8564757334,0.2142729988,0.42,0.5032629062,13.991969826,46.16902514,0.0462891269,0.0122047516,1,14.6,37,163.567578510514,4.62717986438571,5.8770252899,4.55680173505714,0.914285714,0.0584938785,0.914285714
"2265",42109,"PA",0.5043907252,0.2096941293,0.1897878638,56991,0.0394607361,0.7831898734,0.1797889109,0.58,0.481929059,14.705521923,97.904622145,0.010853478,0.0239516527,7,10.7,36.1,122.819506555931,4.49693012392857,3.9212220049,3.3407187997,1.3,0.0348051307,1.3
"2251",42081,"PA",0.510267103,0.204699817,0.192981067,53820,0.0479574334,0.8214759002,0.1931353005,0.51,0.5957362527,15.987210232,93.022928635,0.0450978322,0.020666174,3,13,33.5,92.2187222751284,4.65915711514286,4.08439473637143,3.34662079388571,1.014285714,0.0657640062,1.014285714
"2321",45077,"SC",0.5020370267,0.189791655,0.1653633431,48794,0.0336639295,0.8391607079,0.1661957091,0.51,0.6162208863,13.848508653,23.468691288,0.0682263861,0.0375789398,2,16.6,50.6,255.603231200016,4.16347613411429,2.89032195571429,2.67635565798571,1.014285714,0.1058053259,1.014285714
"2373",46091,"SD",0.4620500782,0.2329812207,0.2020735524,56862,0.0382352941,0.7783651891,0.1428385781,0.2,0.7318007663,22.897585346,9.9938459177,0.005086072,0.1214788732,9,12,19.9,5.8885295977663,4.23589553947143,4.37839908771429,3.74403570592857,1.571428571,0.1265649452,1.571428571
"2339",46023,"SD",0.5002141786,0.2971728422,0.1836581709,47412,0.0322830579,0.770574226,0.202987091,0.27,0.5687229437,15.910055155,16.26810987,0.0047119297,0.0349111159,9,20.9,29.5,8.46659195072392,3.94359043072857,4.4001389936,3.55271575058571,0.714285714,0.0396230456,0.714285714
"2341",46027,"SD",0.49953707,0.1749163165,0.1222847376,46378,0.0288275862,0.6837006879,0.1566460658,0.6,0.8364801079,12.866333095,11.775452897,0.0161669397,0.0301260594,6,19.5,29.9,34.1347436861641,3.66279547252857,4.50102060294286,3.69033138445714,2.428571429,0.0462929991,2.428571429
"2343",46031,"SD",0.4984393758,0.3692677071,0.1130852341,34024,0.0413343002,0.6078740157,0.3213508475,0.08,0.4725738397,7.1377587438,3.6757483839,0.0040816327,0.0528211285,9,33.6,21.9,1.65445865675449,3.76945705512857,4.28458629892857,3.4595511128,1.142857143,0.0569027612,1.142857143
"2349",46043,"SD",0.5052810903,0.2572402044,0.2408858603,55159,0.0266497462,0.7477224947,0.1265711685,0.42,0.6647398844,20.470829069,5.868605318,0.0051107325,0.0194207836,9,12.1,28.2,6.76470588235294,4.06486072774286,4.46355273754286,3.61594436545714,1.285714286,0.0245315161,1.285714286
"2366",46077,"SD",0.4868875788,0.2291116081,0.2315511283,54609,0.0291588785,0.7471352177,0.1287078312,0.42,0.6487804878,22.213247173,16.39947268,0.0044724538,0.0211425086,9,9,24.2,5.93458617706431,4.20524399018571,4.50435698264286,3.63164065217143,1.285714286,0.0256149624,1.285714286
"2367",46079,"SD",0.4784406832,0.2011947614,0.2198820556,60733,0.0340738517,0.8154269972,0.1421987166,0.55,0.5413987138,12.491217113,47.000051639,0.0104924562,0.0264991958,6,10.2,25.3,22.7187189319699,4.43128462665714,4.46110994028571,3.51902771948571,1,0.036991652,1
"2384",46111,"SD",0.4787978592,0.2527789214,0.1963771099,54874,0.0293103448,0.7373737374,0.1417993925,0.45,0.592936803,0,7.7486192782,0.0016467682,0.0370522849,9,12.9,25.1,4.11719244010398,4.50316158212857,4.91449957157143,3.81742096182857,1.142857143,0.0386990531,1.142857143
"2997",54075,"WV",0.4874019491,0.1742334205,0.2521987164,39467,0.0623673036,0.7807328605,0.2255799636,0.31,0.4624121147,15.373699149,16.444294569,0.011528405,0.0158069884,9,17.5,35.8,8.77079167907432,4.14013476245714,6.24903809712857,4.72232661424286,2.428571429,0.0273353934,2.428571429
"2472",47155,"TN",0.5105320149,0.2060740408,0.1975748784,47202,0.0349360604,0.780420514,0.2147980237,0.48,0.5128406366,9.6273991684,111.06327948,0.0110427818,0.0626506763,4,13.9,45.7,165.822784810127,4.46848248755714,2.28125963634286,1.97091698577143,0.957142857,0.0736934581,0.957142857
"2632",48285,"TX",0.5115862755,0.2362506216,0.2328692193,51128,0.0315346084,0.8184065625,0.1280381271,0.35,0.5128717821,12.461369754,26.99060466,0.058478369,0.1924912979,6,13.5,60.6,20.7835332212723,4.2759467593,3.28144483845714,2.68286796044286,0.571428571,0.2509696669,0.571428571
"2541",48103,"TX",0.4962453066,0.293909053,0.1193158114,61987,0.0384187082,0.8126582278,0.1309642299,0.18,0.4418796373,8.4388185654,111.46166175,0.0256570713,0.6516478932,6,10.1,55.9,6.11028315946349,2.83936039625714,2.86154051207143,2.23211904215714,0.714285714,0.6773049645,0.714285714
"2549",48119,"TX",0.5025238362,0.2318190316,0.2082632268,44410,0.0341463415,0.8785383428,0.1616786891,0.42,0.5960264901,9.4375235938,11.266493919,0.0631893812,0.084501776,8,17.2,52.8,20.7569209204532,3.88545822398571,3.05583983481429,2.30532460254286,0.714285714,0.1476911572,0.714285714
"2725",48471,"TX",0.41799117,0.15075883,0.1320502208,43681,0.0420942845,0.8086374696,0.172411001,0.42,0.4617558022,5.8135511108,144.54078622,0.228504415,0.1811396247,4,26.1,57.8,93.0550773429231,4.10812575711429,3.35802711198571,2.67853748897143,0.771428571,0.4096440397,0.771428571
"2773",50001,"VT",0.5004733184,0.1686365726,0.1989830417,68878,0.0256953133,0.7396452737,0.1303021651,0.55,0.685740474,9.5170763541,48.343573413,0.0127390258,0.022908609,6,8.9,26.6,47.9910743413412,4.19169873362857,3.42847916628571,3.04111007641429,1.285714286,0.0356476348,1.285714286
"2833",51095,"VA",0.5167218608,0.2000340327,0.2526408105,86541,0.0289999723,0.8263922228,0.124559483,0.56,0.7533196803,8.0769027064,136.41258322,0.1313795044,0.0585755985,1,7,47,537.229710755406,4.66326319334286,3.97187823664286,3.13764154018571,1.242857143,0.1899551029,1.242857143
"3080",55129,"WI",0.5049124575,0.191585842,0.2625645547,50482,0.0387713998,0.7887200468,0.1633252139,0.52,0.6180124224,13.326564285,56.55974715,0.0033379519,0.0185161859,7,12.5,21.8,19.7212429903025,4.06682210027143,6.63674873324286,5.20386376215714,0.714285714,0.0218541378,0.714285714
"3006",54093,"WV",0.4890007189,0.154852624,0.2618260244,48070,0.0547039375,0.8221250841,0.2071298802,0.26,0.4771018455,4.3383947939,43.147411567,0.0041696621,0.007620417,8,13.5,36.2,16.3253127088704,3.84286631828571,5.04339379497143,4.1188960386,1,0.0117900791,1
"2995",54071,"WV",0.4942118051,0.1837930542,0.2706874375,40415,0.0377035133,0.7208067941,0.2150928366,0.35,0.3840909091,10.005717553,9.1676929295,0.0194369015,0.0121480635,8,14.6,38.3,10.0122117663961,3.78964604427143,5.21837968051429,4.31736113048571,1.142857143,0.031584965,1.142857143
"3064",55097,"WI",0.4959403456,0.192622142,0.1667559415,59032,0.0300392037,0.8111888112,0.1561276422,0.55,0.7347722124,13.338252405,174.2116304,0.0088523019,0.0338586451,4,11.3,26.1,88.3898686116801,4.85261441812857,5.81480768442857,4.49252012248571,1.2,0.042710947,1.2
"3071",55111,"WI",0.5010039067,0.2279257265,0.1852168905,57256,0.0256446188,0.8068225715,0.1756253411,0.51,0.6385346174,13.128897641,131.36243864,0.0101635823,0.0519852449,4,8.6,29.6,77.5568660488627,4.96111991107143,5.98425419422857,4.86721461834286,1.528571429,0.0621488272,1.528571429
"3072",55113,"WI",0.4892958942,0.1949784705,0.2592637516,46490,0.0431034483,0.7521973348,0.198948446,0.46,0.6262660365,10.963576562,25.049170636,0.0061859421,0.0282006186,7,14.5,21.6,13.1693854339821,4.42062958817143,6.29183634614286,4.4943243295,1.428571429,0.0343865607,1.428571429
"3107",56041,"WY",0.4933247943,0.2878959555,0.1407951131,63401,0.0436681223,0.7729308874,0.1721267464,0.34,0.575310559,2.9275433032,96.191604045,0.006847628,0.0923690822,7,10,24.2,9.71815150437716,3.9935710422,2.9466328951,2.11354332315714,0.814285714,0.0992167102,0.814285714
"3103",56033,"WY",0.4979327225,0.213739953,0.2099361625,58307,0.0404668762,0.7828991767,0.1521418513,0.4,0.7224793157,15.88877855,100.09733487,0.007971422,0.0434293653,7,8.7,28.4,12.0780985661591,3.77682310805714,2.98424785818571,1.93502281664286,0.914285714,0.0514007873,0.914285714
"3094",56015,"WY",0.4779455742,0.2007326555,0.2193480861,51676,0.0330893119,0.7994496601,0.1609760664,0.4,0.639,16.444909553,77.382099056,0.0094946172,0.1086273923,7,12.9,30.5,5.93648753701598,3.89836290527143,2.87804821608571,1.89267863922857,1.285714286,0.1181220095,1.285714286
"3108",56043,"WY",0.4942295498,0.2273937857,0.2168674699,55190,0.0423854115,0.7893175074,0.168594001,0.42,0.5908319185,16.121031746,82.822154793,0.004692454,0.1405199746,7,11.9,30,3.48663197158875,4.07976074798571,2.84737003855714,1.86804832482857,1,0.1452124286,1
